date,rz_balance,rz_buy,rq_volume,rq_balance,rzrq_balance
2016-01-04,532991652,18293993,0,0.0,532991652.0
2016-01-05,518761730,25732984,0,0.0,518761730.0
2016-01-06,509306613,14699988,0,0.0,509306613.0
2016-01-07,502330614,3018389,0,0.0,502330614.0
2016-01-08,486191756,12595665,0,0.0,486191756.0
2016-01-11,449602234,12910296,0,0.0,449602234.0
2016-01-12,432070565,14634297,0,0.0,432070565.0
2016-01-13,424842221,11003132,0,0.0,424842221.0
2016-01-14,422760770,17037545,0,0.0,422760770.0
2016-01-15,413788365,10217199,0,0.0,413788365.0
2016-01-18,414056324,13585662,0,0.0,414056324.0
2016-01-19,414210184,16818562,0,0.0,414210184.0
2016-01-20,415797660,16318976,0,0.0,415797660.0
2016-01-21,405749012,6974695,0,0.0,405749012.0
2016-01-22,400192787,8698182,0,0.0,400192787.0
2016-01-25,395755518,5826351,0,0.0,395755518.0
2016-01-26,387817155,11473828,0,0.0,387817155.0
2016-01-27,380561515,10251650,0,0.0,380561515.0
2016-01-28,373393577,4957327,0,0.0,373393577.0
2016-01-29,373331340,7217033,0,0.0,373331340.0
2016-02-01,363961686,4798840,0,0.0,363961686.0
2016-02-02,364416243,5901699,0,0.0,364416243.0
2016-02-03,364831214,8097909,0,0.0,364831214.0
2016-02-04,363186122,6592542,0,0.0,363186122.0
2016-02-05,358957988,2630887,0,0.0,358957988.0
2016-02-15,351407569,3710453,0,0.0,351407569.0
2016-02-16,348755206,7715669,0,0.0,348755206.0
2016-02-17,349097422,11633569,0,0.0,349097422.0
2016-02-18,360118207,33815319,0,0.0,360118207.0
2016-02-19,360218437,17949943,0,0.0,360218437.0
2016-02-22,360162643,27789366,0,0.0,360162643.0
2016-02-23,368068959,18814470,0,0.0,368068959.0
2016-02-24,373633396,27264990,0,0.0,373633396.0
2016-02-25,360349242,16366596,0,0.0,360349242.0
2016-02-26,352958874,10539804,0,0.0,352958874.0
2016-02-29,347444098,9371850,0,0.0,347444098.0
2016-03-01,346572591,15111082,0,0.0,346572591.0
2016-03-02,348121673,21252095,0,0.0,348121673.0
2016-03-03,342412749,0,0,0.0,342412749.0
2016-03-04,337601536,0,0,0.0,337601536.0
2016-03-07,336100418,0,0,0.0,336100418.0
2016-03-08,334445618,0,0,0.0,334445618.0
2016-03-09,332856278,0,0,0.0,332856278.0
2016-03-10,331791019,0,0,0.0,331791019.0
2016-03-11,329420905,0,0,0.0,329420905.0
2016-03-14,328554980,0,0,0.0,328554980.0
2016-03-15,327596259,0,0,0.0,327596259.0
2016-03-16,325713198,0,0,0.0,325713198.0
2016-03-17,325017494,0,0,0.0,325017494.0
2016-03-18,322831176,0,0,0.0,322831176.0
2016-03-21,319898276,0,0,0.0,319898276.0
2016-03-22,318758755,0,0,0.0,318758755.0
2016-03-23,317305454,0,0,0.0,317305454.0
2016-03-24,316611453,0,0,0.0,316611453.0
2016-03-25,316357712,0,0,0.0,316357712.0
2016-03-28,315581768,0,0,0.0,315581768.0
2016-03-29,315409176,0,0,0.0,315409176.0
2016-03-30,314542422,0,0,0.0,314542422.0
2016-03-31,314089111,0,0,0.0,314089111.0
2016-04-01,312290433,0,0,0.0,312290433.0
2016-04-05,311327750,0,0,0.0,311327750.0
2016-04-06,309832893,0,0,0.0,309832893.0
2016-04-07,306680698,0,0,0.0,306680698.0
2016-04-08,305566603,0,0,0.0,305566603.0
2016-04-11,305349884,0,0,0.0,305349884.0
2016-04-12,304632800,0,0,0.0,304632800.0
2016-04-13,302510620,0,0,0.0,302510620.0
2016-04-14,301940770,0,0,0.0,301940770.0
2016-04-15,300590814,0,0,0.0,300590814.0
2016-04-18,300141018,0,0,0.0,300141018.0
2016-04-19,299453636,0,0,0.0,299453636.0
2016-04-20,297358050,0,0,0.0,297358050.0
2016-04-21,291163437,0,0,0.0,291163437.0
2016-04-22,290164240,0,0,0.0,290164240.0
2016-04-25,289194825,0,0,0.0,289194825.0
2016-04-26,288333468,0,0,0.0,288333468.0
2016-04-27,287019866,0,0,0.0,287019866.0
2016-04-28,286594594,0,0,0.0,286594594.0
2016-04-29,285617901,0,0,0.0,285617901.0
2016-05-03,284623753,0,0,0.0,284623753.0
2016-05-04,282866907,0,0,0.0,282866907.0
2016-05-05,282571912,0,0,0.0,282571912.0
2016-05-06,281177793,0,0,0.0,281177793.0
2016-05-09,280262934,0,0,0.0,280262934.0
2016-05-10,279135404,0,0,0.0,279135404.0
2016-05-11,278588665,0,0,0.0,278588665.0
2016-05-12,278506355,0,0,0.0,278506355.0
2016-05-13,276387676,0,0,0.0,276387676.0
2016-05-16,275647236,0,0,0.0,275647236.0
2016-05-17,275163595,0,0,0.0,275163595.0
2016-05-18,274143735,0,0,0.0,274143735.0
2016-05-19,273158048,0,0,0.0,273158048.0
2016-05-20,271997411,0,0,0.0,271997411.0
2016-05-23,271415176,0,0,0.0,271415176.0
2016-05-24,270308356,0,0,0.0,270308356.0
2016-05-25,269816125,0,0,0.0,269816125.0
2016-05-26,269363837,0,0,0.0,269363837.0
2016-05-27,269048694,0,0,0.0,269048694.0
2016-05-30,268440973,0,0,0.0,268440973.0
2016-05-31,266985133,0,0,0.0,266985133.0
2016-06-01,266257005,0,0,0.0,266257005.0
2016-06-02,265477665,0,0,0.0,265477665.0
2016-06-03,264970080,0,0,0.0,264970080.0
2016-06-06,264106444,0,0,0.0,264106444.0
2016-06-07,263675670,0,0,0.0,263675670.0
2016-06-08,257945732,0,0,0.0,257945732.0
2016-06-13,256111072,0,0,0.0,256111072.0
2016-06-14,255937149,0,0,0.0,255937149.0
2016-06-15,255727865,0,0,0.0,255727865.0
2016-06-16,255084853,0,0,0.0,255084853.0
2016-06-17,254913385,0,0,0.0,254913385.0
2016-06-20,254303053,0,0,0.0,254303053.0
2016-06-21,253995539,0,0,0.0,253995539.0
2016-06-22,253833875,0,0,0.0,253833875.0
2016-06-23,253705297,0,0,0.0,253705297.0
2016-06-24,253458691,0,0,0.0,253458691.0
2016-06-27,253222417,0,0,0.0,253222417.0
2016-06-28,252830325,0,0,0.0,252830325.0
2016-06-29,252618978,0,0,0.0,252618978.0
2016-07-01,252181080,0,0,0.0,252181080.0
2016-07-04,252060139,0,0,0.0,252060139.0
2016-07-05,251488009,0,0,0.0,251488009.0
2016-07-06,251417497,0,0,0.0,251417497.0
2016-07-07,250954622,0,0,0.0,250954622.0
2016-07-08,250144401,0,0,0.0,250144401.0
2016-07-11,249703012,0,0,0.0,249703012.0
2016-07-12,249531034,0,0,0.0,249531034.0
2016-07-13,247605441,0,0,0.0,247605441.0
2016-07-14,247531508,0,0,0.0,247531508.0
2016-07-15,247387628,0,0,0.0,247387628.0
2016-07-18,247351498,0,0,0.0,247351498.0
2016-07-19,247120758,0,0,0.0,247120758.0
2016-07-20,246745991,0,0,0.0,246745991.0
2016-07-21,245725486,0,0,0.0,245725486.0
2016-07-22,243131005,0,0,0.0,243131005.0
2016-07-25,242779781,0,0,0.0,242779781.0
2016-07-26,242273845,0,0,0.0,242273845.0
2016-07-27,241642904,0,0,0.0,241642904.0
2016-07-28,239729308,0,0,0.0,239729308.0
2016-07-29,239473239,0,0,0.0,239473239.0
2016-08-01,239338671,0,0,0.0,239338671.0
2016-08-02,238821294,0,0,0.0,238821294.0
2016-08-03,238525000,0,0,0.0,238525000.0
2016-08-04,237612626,0,0,0.0,237612626.0
2016-08-05,237277761,0,0,0.0,237277761.0
2016-08-08,237145121,0,0,0.0,237145121.0
2016-08-09,235657139,0,0,0.0,235657139.0
2016-08-10,235601731,0,0,0.0,235601731.0
2016-08-11,235300558,0,0,0.0,235300558.0
2016-08-12,252326186,40974582,0,0.0,252326186.0
2016-08-15,283613584,68111642,0,0.0,283613584.0
2016-08-16,286982503,66807675,0,0.0,286982503.0
2016-08-17,304920655,70267214,0,0.0,304920655.0
2016-08-18,308450762,55658070,0,0.0,308450762.0
2016-08-19,321306289,38783676,0,0.0,321306289.0
2016-08-22,324012156,26797035,0,0.0,324012156.0
2016-08-23,328702929,58537017,0,0.0,328702929.0
2016-08-24,320092277,29413636,0,0.0,320092277.0
2016-08-25,321306493,40380752,0,0.0,321306493.0
2016-08-26,322928759,31133663,0,0.0,322928759.0
2016-08-29,316721378,15583126,0,0.0,316721378.0
2016-08-30,321665152,21566252,103500,817650.0,322482802.0
2016-08-31,320067224,17242425,33500,263645.0,320330869.0
2016-09-01,314979253,13512770,80000,612000.0,315591253.0
2016-09-02,315461082,15572845,80000,602400.0,316063482.0
2016-09-05,307959308,10253885,80000,600000.0,308559308.0
2016-09-06,314369424,23536910,150000,1137000.0,315506424.0
2016-09-07,315326739,21598963,80000,605600.0,315932339.0
2016-09-08,312310487,17710252,150000,1146000.0,313456487.0
2016-09-09,317777314,20266342,150000,1135500.0,318912814.0
2016-09-12,305988360,16220896,80000,566400.0,306554760.0
2016-09-13,307709083,12700355,80000,558400.0,308267483.0
2016-09-14,307125057,8092966,80000,558400.0,307683457.0
2016-09-19,314269556,12006973,80000,562400.0,314831956.0
2016-09-20,315966297,8937829,158000,1104420.0,317070717.0
2016-09-21,318636618,7930449,150000,1048500.0,319685118.0
2016-09-22,324407605,17411671,168100,1190148.0,325597753.0
2016-09-23,319312895,7620458,70000,498400.0,319811295.0
2016-09-26,324710671,23308584,70000,501900.0,325212571.0
2016-09-27,313930881,12176034,70000,499800.0,314430681.0
2016-09-28,319086621,12673037,70000,496300.0,319582921.0
2016-09-29,319861036,20876264,40000,292000.0,320153036.0
2016-09-30,319529797,40003581,100000,803000.0,320332797.0
2016-10-10,345172073,111332229,40000,349600.0,345521673.0
2016-10-11,352398525,108993152,100000,874000.0,353272525.0
2016-10-12,359200353,82870502,40000,350000.0,359550353.0
2016-10-13,384749585,94630984,100000,890000.0,385639585.0
2016-10-14,400407144,55811693,40000,348000.0,400755144.0
2016-10-17,408277324,64417550,100000,869000.0,409146324.0
2016-10-18,435304019,85909239,70000,619500.0,435923519.0
2016-10-19,460102621,144051853,70000,642600.0,460745221.0
2016-10-20,441331616,75246823,70000,614600.0,441946216.0
2016-10-21,448169047,66138043,140000,1204000.0,449373047.0
2016-10-24,447618400,39693243,160000,1388800.0,449007200.0
2016-10-25,452810735,80558313,165000,1476750.0,454287485.0
2016-10-26,447374253,43596447,135000,1170450.0,448544703.0
2016-10-27,433011935,47236080,224800,2027696.0,435039631.0
2016-10-28,425937211,70324402,130000,1145300.0,427082511.0
2016-10-31,459107607,111107576,225000,2115000.0,461222607.0
2016-11-01,467546458,100828809,170000,1598000.0,469144458.0
2016-11-02,485996235,113917535,314969,2967007.98,488963242.98
2016-11-03,523528757,167715262,244969,2376199.3,525904956.3
2016-11-04,534014411,101168448,305000,2934100.0,536948511.0
2016-11-07,522662491,71516330,295000,2885100.0,525547591.0
2016-11-08,511467378,90893486,376500,3795120.0,515262498.0
2016-11-09,510513522,89058185,303500,2986440.0,513499962.0
2016-11-10,541587580,111340227,376500,3761235.0,545348815.0
2016-11-11,502181143,74501465,245000,2332400.0,504513543.0
2016-11-14,496231860,47765116,275000,2629000.0,498860860.0
2016-11-15,504968720,33337064,230000,2175800.0,507144520.0
2016-11-16,503560060,48224780,230000,2109100.0,505669160.0
2016-11-17,499496861,37384002,245000,2290750.0,501787611.0
2016-11-18,492168585,34408047,210000,1921500.0,494090085.0
2016-11-21,495043608,42212037,195000,1760850.0,496804458.0
2016-11-22,494635893,50062105,295000,2725800.0,497361693.0
2016-11-23,493091858,24236064,265000,2400900.0,495492758.0
2016-11-24,485221022,21665908,195000,1753050.0,486974072.0
2016-11-25,482733609,17541818,155000,1388800.0,484122409.0
2016-11-28,485215869,28033089,175000,1587250.0,486803119.0
2016-11-29,492261578,72099461,320000,2988800.0,495250378.0
2016-11-30,499419862,35008421,180000,1639800.0,501059662.0
2016-12-01,494635910,30286896,327000,2972430.0,497608340.0
2016-12-02,492166450,16100022,200000,1734000.0,493900450.0
2016-12-05,483962660,17425048,270000,2251800.0,486214460.0
2016-12-06,481291759,15139103,265000,2244550.0,483536309.0
2016-12-07,484890254,19207186,230000,1984900.0,486875154.0
2016-12-08,492158917,77530065,400500,3624525.0,495783442.0
2016-12-09,493389968,36691616,400500,3600495.0,496990463.0
2016-12-12,484257419,38891136,375000,3386250.0,487643669.0
2016-12-13,479013575,67853264,80000,768000.0,479781575.0
2016-12-14,475162196,52497560,255800,2399404.0,477561600.0
2016-12-15,514787073,88961858,249200,2397304.0,517184377.0
2016-12-16,509410731,91397728,249200,2524396.0,511935127.0
2016-12-19,515165435,73304579,208000,2023840.0,517189275.0
2016-12-20,500408337,42291483,317765,3088675.8,503497012.8
2016-12-21,495241555,49990186,213965,2017689.95,497259244.95
2016-12-22,500190187,31383184,319965,2991672.75,503181859.75
2016-12-23,495310641,29234692,239965,2114091.65,497424732.65
2016-12-26,503604979,25648485,179965,1625083.95,505230062.95
2016-12-27,510311047,51808800,394965,3712671.0,514023718.0
2016-12-28,490406791,25991839,189365,1753519.9,492160310.9
2016-12-29,502116494,37805427,335600,3161352.0,505277846.0
2016-12-30,485854516,16602704,175300,1640808.0,487495324.0
2017-01-03,491622926,40343761,254700,2452761.0,494075687.0
2017-01-04,482434720,62955256,305300,3031629.0,485466349.0
2017-01-05,497680469,76415540,235000,2566200.0,500246669.0
2017-01-06,467373398,197238251,365000,4098950.0,471472348.0
2017-01-09,460661998,153247659,290000,3326300.0,463988298.0
2017-01-10,477444599,144847647,350000,3724000.0,481168599.0
2017-01-11,459336849,68328705,210000,2230200.0,461567049.0
2017-01-12,467306636,58489287,173400,1766946.0,469073582.0
2017-01-13,476803925,66682708,355000,3503850.0,480307775.0
2017-01-16,451546543,65676380,220000,2028400.0,453574943.0
2017-01-17,468129790,64791189,364954,3532754.72,471662544.72
2017-01-18,462011027,45055178,309954,3000354.72,465011381.72
2017-01-19,443190115,34078382,224954,2094321.74,445284436.74
2017-01-20,435351351,35733431,360000,3474000.0,438825351.0
2017-01-23,428935046,42944501,255000,2537250.0,431472296.0
2017-01-24,425253185,45581097,365000,3752200.0,429005385.0
2017-01-25,428619469,77681571,290000,2682500.0,431301969.0
2017-01-26,426080203,25707990,295000,2761200.0,428841403.0
2017-02-03,427879358,31260479,292000,2768160.0,430647518.0
2017-02-06,435815371,27512858,360000,3466800.0,439282171.0
2017-02-07,439780766,34482483,240000,2344800.0,442125566.0
2017-02-08,427189679,63053938,445000,4503400.0,431693079.0
2017-02-09,435764003,52837810,255000,2616300.0,438380303.0
2017-02-10,409207510,29133011,85000,857650.0,410065160.0
2017-02-13,414334566,41119030,395000,4072450.0,418407016.0
2017-02-14,420004803,34584154,100000,1009000.0,421013803.0
2017-02-15,421740637,29940713,280900,2806191.0,424546828.0
2017-02-16,428966191,72175267,334081,3567985.08,432534176.08
2017-02-17,426464422,62916694,275000,2879250.0,429343672.0
2017-02-20,426841827,27142131,260000,2740400.0,429582227.0
2017-02-21,427421505,21398855,265000,2785150.0,430206655.0
2017-02-22,410728922,31170042,165000,1727550.0,412456472.0
2017-02-23,404578947,25430716,290000,2946400.0,407525347.0
2017-02-24,406338449,31373556,225000,2335500.0,408673949.0
2017-02-27,405058966,17716038,189700,1902691.0,406961657.0
2017-02-28,399469635,15191767,365800,3665316.0,403134951.0
2017-03-01,410368728,26705087,138100,1392048.0,411760776.0
2017-03-02,415138796,21648985,123100,1239617.0,416378413.0
2017-03-03,399718725,17578903,178200,1753488.0,401472213.0
2017-03-06,396739158,14840243,173200,1706020.0,398445178.0
2017-03-07,399361561,23208183,168200,1614720.0,400976281.0
2017-03-08,398251304,12250066,168200,1624812.0,399876116.0
2017-03-09,397439144,12167755,130000,1232400.0,398671544.0
2017-03-10,396372140,6624561,115000,1082150.0,397454290.0
2017-03-13,395648022,8233097,115000,1094800.0,396742822.0
2017-03-14,395104555,10013834,70000,664300.0,395768855.0
2017-03-15,395028051,6422537,75000,704250.0,395732301.0
2017-03-16,399760151,10159854,72500,690200.0,400450351.0
2017-03-17,395637201,9164064,92300,866697.0,396503898.0
2017-03-20,383053398,7564487,94800,871212.0,383924610.0
2017-03-21,380864717,6450954,167444,1552205.88,382416922.88
2017-03-22,378279616,6005635,82544,748674.08,379028290.08
2017-03-23,370447801,14118440,57600,512064.0,370959865.0
2017-03-24,367107304,7789618,107600,967324.0,368074628.0
2017-03-27,376271908,23867556,212500,1967750.0,378239658.0
2017-03-28,375008413,14503083,100100,904904.0,375913317.0
2017-03-29,367611117,13542411,216600,1940736.0,369551853.0
2017-03-30,356668902,13569910,158400,1362240.0,358031142.0
2017-03-31,353092932,7511844,17500,148050.0,353240982.0
2017-04-05,349366983,9721754,152500,1328275.0,350695258.0
2017-04-06,342480293,6036843,142500,1231200.0,343711493.0
2017-04-07,339184040,7936509,87500,767375.0,339951415.0
2017-04-10,333465221,5785046,87500,744625.0,334209846.0
2017-04-11,325797621,12228132,187500,1603125.0,327400746.0
2017-04-12,325441316,8982863,127500,1062075.0,326503391.0
2017-04-13,319760485,5459649,77500,633175.0,320393660.0
2017-04-14,323004266,9249198,95000,777100.0,323781366.0
2017-04-17,319487200,7447723,120000,931200.0,320418400.0
2017-04-18,313721371,4095664,40000,304400.0,314025771.0
2017-04-19,312291771,6219831,175000,1272250.0,313564021.0
2017-04-20,320015921,14598035,90000,646200.0,320662121.0
2017-04-21,311271066,6880560,373100,2454998.0,313726064.0
2017-04-24,312255737,8121507,358000,2258980.0,314514717.0
2017-04-25,314084469,8624481,328000,2017200.0,316101669.0
2017-04-26,312017694,7647807,348000,2227200.0,314244894.0
2017-04-27,311910090,7368708,348000,2213280.0,314123370.0
2017-04-28,311217743,7810137,378000,2388960.0,313606703.0
2017-05-02,310156179,0,378000,2388960.0,312545139.0
2022-10-24,14974563,7126055,0,0.0,14974563.0
2022-10-25,25057668,13214218,5500,71665.0,25129333.0
2022-10-26,37691167,17093738,59900,795472.0,38486639.0
2022-10-27,42980924,13799790,58600,758870.0,43739794.0
2022-10-28,44045728,17225339,217500,2971050.0,47016778.0
2022-10-31,59239894,24800187,217600,3133440.0,62373334.0
2022-11-01,61142609,21509474,190400,2760800.0,63903409.0
2022-11-02,71271024,23274410,228800,3409120.0,74680144.0
2022-11-03,79504331,18885013,278800,4162484.0,83666815.0
2022-11-04,76917226,16651583,170900,2503685.0,79420911.0
2022-11-07,83751984,14138425,173500,2522690.0,86274674.0
2022-11-08,86606241,10042970,258400,3803648.0,90409889.0
2022-11-09,85335598,4291937,291700,4279239.0,89614837.0
2022-11-10,92009949,11116456,269200,3844176.0,95854125.0
2022-11-11,97744134,13147945,234100,3347630.0,101091764.0
2022-11-14,103631714,14345512,248272,3597461.28,107229175.28
2022-11-15,106914907,11204701,284772,4208930.16,111123837.16
2022-11-16,109656817,9614307,301272,4449787.44,114106604.44
2022-11-17,160938408,70934328,224172,3528467.28,164466875.28
2022-11-18,173365231,21161625,275469,4236713.22,177601944.22
2022-11-21,182645786,18831448,286469,4454592.95,187100378.95
2022-11-22,211987054,51840056,304705,4671127.65,216658181.65
2022-11-23,218599899,19928342,289105,4411742.3,223011641.3
2022-11-24,220355180,8071052,294005,4427715.3,224782895.3
2022-11-25,210974262,10650984,245505,3562277.55,214536539.55
2022-11-28,213246685,7897229,216205,3143620.7,216390305.7
2022-11-29,214766387,6526772,192805,2818809.1,217585196.1
2022-11-30,217579663,5848511,191583,2825849.25,220405512.25
2022-12-01,220279923,8167217,224583,3330565.89,223610488.89
2022-12-02,221555407,5568121,193813,2864556.14,224419963.14
2022-12-05,227813862,18264887,153913,2305616.74,230119478.74
2022-12-06,217694608,15671575,160313,2499279.67,220193887.67
2022-12-07,215185955,12034567,101035,1584228.8,216770183.8
2022-12-08,215284644,15666410,106935,1644660.3,216929304.3
2022-12-09,212649006,8900765,98224,1511667.36,214160673.36
2022-12-12,227976888,20997962,132824,2064084.96,230040972.96
2022-12-13,234218158,8989335,112924,1718703.28,235936861.28
2022-12-14,236351563,17971572,164424,2428542.48,238780105.48
2022-12-15,233093905,6418458,169124,2560537.36,235654442.36
2022-12-16,235214893,9489194,156200,2300826.0,237515719.0
2022-12-19,204302998,6000459,180600,2624118.0,206927116.0
2022-12-20,203031826,3148431,205900,2964960.0,205996786.0
2022-12-21,200221118,14370239,164400,2288448.0,202509566.0
2022-12-22,203122368,6839763,191500,2648445.0,205770813.0
2022-12-23,175488254,5716014,188300,2551465.0,178039719.0
2022-12-26,171644896,5630059,159600,2231208.0,173876104.0
2022-12-27,171507388,3853765,214190,2996518.1,174503906.1
2022-12-28,172399117,5371447,201590,2759767.1,175158884.1
2022-12-29,171406890,1470124,270690,3735522.0,175142412.0
2022-12-30,172444304,4468327,282990,3865643.4,176309947.4
2023-01-03,173735931,8183525,271744,3766371.84,177502302.84
2023-01-04,176620730,7328318,261144,3603787.2,180224517.2
2023-01-05,174386973,3025242,239944,3330422.72,177717395.72
2023-01-06,175203976,4837421,264444,3657260.52,178861236.52
2023-01-09,180744250,11516269,200944,2704706.24,183448956.24
2023-01-10,178500772,4228971,249144,3338529.6,181839301.6
2023-01-11,176146866,7684660,262244,3432773.96,179579639.96
2023-01-12,170326264,5162511,240344,3146102.96,173472366.96
2023-01-13,171034344,3452047,247545,3267594.0,174301938.0
2023-01-16,168020423,4774639,285045,3831004.8,171851427.8
2023-01-17,163801106,3843465,271545,3663142.05,167464248.05
2023-01-18,172799117,17293717,399045,5610572.7,178409689.7
2023-01-19,185562150,26821840,187545,2764413.3,188326563.3
2023-01-20,197387108,27118334,156945,2354175.0,199741283.0
2023-01-30,199079430,8367338,149045,2207356.45,201286786.45
2023-01-31,198531386,8544173,150545,2196451.55,200727837.55
2023-02-01,202426476,13586405,145245,2148173.55,204574649.55
2023-02-02,210994867,19199583,154445,2304319.4,213299186.4
2023-02-03,212712075,5006936,148345,2225175.0,214937250.0
2023-02-06,215150356,5481047,146645,2177678.25,217328034.25
2023-02-07,228761698,23413121,214845,3308613.0,232070311.0
2023-02-08,227499289,4749593,203845,3098444.0,230597733.0
2023-02-09,224433516,11269054,189045,2905621.65,227339137.65
2023-02-10,224748282,10967574,178745,2743735.75,227492017.75
2023-02-13,225186308,11767229,180445,2771635.2,227957943.2
2023-02-14,225496902,10405275,178155,2734679.25,228231581.25
2023-02-15,225455488,10249428,248155,3843920.95,229299408.95
2023-02-16,231152531,16059022,175755,2653900.5,233806431.5
2023-02-17,230828179,6997055,167255,2488754.4,233316933.4
2023-02-20,229645101,7916088,160031,2381261.28,232026362.28
2023-02-21,236712167,11018910,168431,2496147.42,239208314.42
2023-02-22,239845857,9279479,150231,2242948.83,242088805.83
2023-02-23,243221459,7501944,167631,2511112.38,245732571.38
2023-02-24,243388511,10050281,181131,2733266.79,246121777.79
2023-02-27,235753096,9594300,185931,2813136.03,238566232.03
2023-02-28,240301145,9688976,112031,1671502.52,241972647.52
2023-03-01,237273768,5997865,98231,1476411.93,238750179.93
2023-03-02,239099340,6036504,113731,1692317.28,240791657.28
2023-03-03,244538718,11630632,116831,1723257.25,246261975.25
2023-03-06,248785047,13633641,129631,1944465.0,250729512.0
2023-03-07,256404546,13739935,112931,1660085.7,258064631.7
2023-03-08,257060802,6803558,125031,1842956.94,258903758.94
2023-03-09,257840560,6533399,125231,1863437.28,259703997.28
2023-03-10,268140350,19397065,129631,1922427.73,270062777.73
2023-03-13,267609995,14489892,120131,1794757.14,269404752.14
2023-03-14,298710273,62866777,214931,3374416.7,302084689.7
2023-03-15,353117534,109811471,421631,6944262.57,360061796.57
2023-03-16,377975235,98656763,419931,7084235.97,385059470.97
2023-03-17,417501967,98268341,409331,6925880.52,424427847.52
2023-03-20,401878583,74477778,420031,7102724.21,408981307.21
2023-03-21,358497983,61245805,336331,5768076.65,364266059.65
2023-03-22,334255154,49886597,258931,4321558.39,338576712.39
2023-03-23,348195087,52966481,148731,2497193.49,350692280.49
2023-03-24,357306923,37354204,184831,3060801.36,360367724.36
2023-03-27,338108438,57758127,187431,3021387.72,341129825.72
2023-03-28,344018096,33312291,175931,2769153.94,346787249.94
2023-03-29,345095793,26917078,165431,2613809.8,347709602.8
2023-03-30,356072047,35513883,192831,3108435.72,359180482.72
2023-03-31,356384693,21528993,202031,3200171.04,359584864.04
2023-04-03,351781480,32109667,238131,3831527.79,355613007.79
2023-04-04,334620609,35646311,192631,3109064.34,337729673.34
2023-04-06,332573751,70600863,175531,2941899.56,335515650.56
2023-04-07,354943525,69682868,173431,2908437.87,357851962.87
2023-04-10,346084008,40138110,162456,2644783.68,348728791.68
2023-04-11,346792882,15989496,188256,3066690.24,349859572.24
2023-04-12,344886665,20066618,151256,2492698.88,347379363.88
2023-04-13,323606311,33075058,237256,3729664.32,327335975.32
2023-04-14,309218716,17544210,177256,2855594.16,312074310.16
2023-04-17,310914279,12944766,211456,3376952.32,314291231.32
2023-04-18,303806635,13757304,222056,3479617.52,307286252.52
2023-04-19,309576985,17187711,236156,3743072.6,313320057.6
2023-04-20,316541957,23382403,232956,3729625.56,320271582.56
2023-04-21,337285238,59880429,359356,5178319.96,342463557.96
2023-04-24,346815559,25529112,263956,3658430.16,350473989.16
2023-04-25,320674549,18169460,269156,3795099.6,324469648.6
2023-04-26,316748138,8738685,273356,3821516.88,320569654.88
2023-04-27,316091541,6480305,362056,5076025.12,321167566.12
2023-04-28,311438935,7294011,382456,5354384.0,316793319.0
2023-05-04,303548650,6693182,294425,4039511.0,307588161.0
2023-05-05,303797139,5437312,243856,3321318.72,307118457.72
2023-05-08,304603966,7313542,178156,2440737.2,307044703.2
2023-05-09,307172179,8450477,186756,2562292.32,309734471.32
2023-05-10,308210645,5312847,245755,3369301.05,311579946.05
2023-05-11,309685124,9303136,245555,3430403.35,313115527.35
2023-05-12,312802597,8371222,310463,4355795.89,317158392.89
2023-05-15,315791447,8532498,324955,4572116.85,320363563.85
2023-05-16,313676951,8394839,367955,5099856.3,318776807.3
2023-05-17,321474291,15994508,291955,4087370.0,325561661.0
2023-05-18,318687082,6596074,294755,4108884.7,322795966.7
2023-05-19,317156851,15426984,285955,4097735.15,321254586.15
2023-05-22,328413206,17598904,295455,4222051.95,332635257.95
2023-05-23,329181344,6273048,261356,3698187.4,332879531.4
2023-05-24,326457385,7874130,306156,4325984.28,330783369.28
2023-05-25,333103463,11120965,223056,3145089.6,336248552.6
2023-05-26,335916372,7933629,158856,2247812.4,338164184.4
2023-05-29,336616834,9573685,135455,1873342.65,338490176.65
2023-05-30,353073592,24813156,140255,1929908.8,355003500.8
2023-05-31,351630692,4366889,116355,1617334.5,353248026.5
2023-06-01,347419022,4314362,89023,1233858.78,348652880.78
2023-06-02,349916073,11411726,114723,1619888.76,351535961.76
2023-06-05,365575395,24843682,88023,1226160.39,366801555.39
2023-06-06,360119013,7088225,87223,1185360.57,361304373.57
2023-06-07,363313377,5896818,103623,1404091.65,364717468.65
2023-06-08,369163816,11338724,93223,1222153.53,370385969.53
2023-06-09,365811516,4210906,88323,1207375.41,367018891.41
2023-06-12,358930394,5982556,92523,1299948.15,360230342.15
2023-06-13,345524898,7170783,89623,1288778.74,346813676.74
2023-06-14,338338313,7389829,74123,1074042.27,339412355.27
2023-06-15,336316676,11726173,97823,1389086.6,337705762.6
2023-06-16,333821686,9472637,93423,1348093.89,335169779.89
2023-06-19,332404524,55434427,224323,3512898.18,335917422.18
2023-06-20,308877101,27047868,113034,1739593.26,310616694.26
2023-06-21,299123900,14744815,79834,1228645.26,300352545.26
2023-06-26,302941690,20167716,89634,1326583.2,304268273.2
2023-06-27,298497796,9911473,97725,1473693.0,299971489.0
2023-06-28,303622526,16594941,108514,1613603.18,305236129.18
2023-06-29,296174630,9584307,133014,1959296.22,298133926.22
2023-06-30,289065765,7690872,143920,2150164.8,291215929.8
2023-07-03,286508600,11856441,140263,2119373.93,288627973.93
2023-07-04,284255892,9291360,207663,3146094.45,287401986.45
2023-07-05,290538134,12947582,293263,4349090.29,294887224.29
2023-07-06,298203717,13908168,402363,5926806.99,304130523.99
2023-07-07,319589796,29801309,457374,6778282.68,326368078.68
2023-07-10,317214259,3094493,345474,5119924.68,322334183.68
2023-07-11,324055542,11062626,354532,5254164.24,329309706.24
2023-07-12,326505195,11729492,362832,5181240.96,331686435.96
2023-07-13,321113402,5016949,344432,5018374.24,326131776.24
2023-07-14,324065962,9011606,328832,4758199.04,328824161.04
2023-07-17,333582299,14584480,333432,4851435.6,338433734.6
2023-07-18,337339050,7246530,189432,2746764.0,340085814.0
2023-07-19,335195193,4287033,197832,2842845.84,338038038.84
2023-07-20,336975792,5332936,198332,2800447.84,339776239.84
2023-07-21,336470847,2263209,247432,3488791.2,339959638.2
2023-07-24,329218515,3558896,249732,3491253.36,332709768.36
2023-07-25,329639110,5290008,213932,3054948.96,332694058.96
2023-07-26,324175242,3714884,211732,3010829.04,327186071.04
2023-07-27,324581081,4890288,213932,3029277.12,327610358.12
2023-07-28,324990664,9573869,231838,3285144.46,328275808.46
2023-07-31,321099944,3046953,221138,3133525.46,324233469.46
2023-08-01,292007097,7756374,195034,2703171.24,294710268.24
2023-08-02,293065856,5608502,211034,2960807.02,296026663.02
2023-08-03,289917430,3000323,210234,2922252.6,292839682.6
2023-08-04,292586893,5481158,290134,4035763.94,296622656.94
2023-08-07,295289404,4171022,348134,4807730.54,300097134.54
2023-08-08,303823174,10271595,361834,5036729.28,308859903.28
2023-08-09,304267475,1801745,362234,4977095.16,309244570.16
2023-08-10,310089916,8684977,362034,4967106.48,315057022.48
2023-08-11,311962562,9122198,341234,4565710.92,316528272.92
2023-08-14,310770131,1914118,304634,4079049.26,314849180.26
2023-08-15,303179220,2201054,318834,4173537.06,307352757.06
2023-08-16,302364245,2784056,282934,3601749.82,305965994.82
2023-08-17,303428630,3679667,298034,3788012.14,307216642.14
2023-08-18,301845640,3189015,189834,2386213.38,304231853.38
2023-08-21,301648959,4436706,190434,2344242.54,303993201.54
2023-08-22,304865176,6733289,168334,2063774.84,306928950.84
2023-08-23,304733657,3572674,164234,1969165.66,306702822.66
2023-08-24,303779536,2026635,159234,1913992.68,305693528.68
2023-08-25,302525484,3469609,177634,2090752.18,304616236.18
2023-08-28,315896077,19028040,117934,1409311.3,317305388.3
2023-08-29,323429863,11616250,150034,1864922.62,325294785.62
2023-08-30,318642495,19264395,590834,8076700.78,326719195.78
2023-08-31,314163104,38670443,1231578,16613987.22,330777091.22
2023-09-01,308174586,11884060,1055813,13978964.12,322153550.12
2023-09-04,314795249,27855012,1179412,16370238.56,331165487.56
2023-09-05,310994049,21153067,987634,13619472.86,324613521.86
2023-09-06,317233621,29503712,953578,13407306.68,330640927.68
2023-09-07,312058858,13853301,923778,12637283.04,324696141.04
2023-09-08,313634252,33325014,1258212,17879192.52,331513444.52
2023-09-11,332544040,36912251,1203935,16650421.05,349194461.05
2023-09-12,337193617,17564195,826334,11254669.08,348448286.08
2023-09-13,337286804,9018568,685906,9156845.1,346443649.1
2023-09-14,338250615,5551609,537406,7109881.38,345360496.38
2023-09-15,340033389,8663789,573257,7618585.53,347651974.53
2023-09-18,339791612,6212113,526457,6880792.99,346672404.99
2023-09-19,336083284,31005391,988427,14213580.26,350296864.26
2023-09-20,389505006,142483346,1506527,22462317.57,411967323.57
2023-09-21,400225063,67821934,1604926,23833151.1,424058214.1
2023-09-22,406466569,52569997,1542115,22530300.15,428996869.15
2023-09-25,391346687,32058044,1657515,23569863.3,414916550.3
2023-09-26,381101707,34088641,1351015,18414334.45,399516041.45
2023-09-27,385028474,27360023,1175516,15681383.44,400709857.44
2023-09-28,377527939,31571080,778016,10627698.56,388155637.56
2023-10-09,385827018,33915822,845016,11559818.88,397386836.88
2023-10-10,383903845,25261851,952916,13035890.88,396939735.88
2023-10-11,380159885,84475882,1188316,17884155.8,398044040.8
2023-10-12,390401564,85507385,1365442,20181232.76,410582796.76
2023-10-13,400374212,59070950,1370442,20214019.5,420588231.5
2023-10-16,396182215,37458576,1155759,16850966.22,413033181.22
2023-10-17,433378611,97602905,1860628,28281545.6,461660156.6
2023-10-18,426000156,104410565,2060590,31691874.2,457692030.2
2023-10-19,419269825,56264902,2528234,37670686.6,456940511.6
2023-10-20,407173243,30224994,2149495,31146182.55,438319425.55
2023-10-23,408237746,72386769,2588802,39479230.5,447716976.5
2023-10-24,412245407,46228144,2172257,32953138.69,445198545.69
2023-10-25,433176083,75122383,2226970,33738595.5,466914678.5
2023-10-26,438240674,47355494,2810704,42947557.12,481188231.12
2023-10-27,433970193,46790081,2651801,38875402.66,472845595.66
2023-10-30,443325033,39226975,2276470,33555167.8,476880200.8
2023-10-31,441969919,39516095,2200667,31645591.46,473615510.46
2023-11-01,438246544,18551857,2103110,29990348.6,468236892.6
2023-11-02,439858116,20337787,2196006,30590363.58,470448479.58
2023-11-03,432658991,14884584,1949086,27599057.76,460258048.76
2023-11-06,436903526,23944262,1898838,27419220.72,464322746.72
2023-11-07,448756072,36080834,1532853,22348996.74,471105068.74
2023-11-08,452266691,28508936,1700450,24503484.5,476770175.5
2023-11-09,461782647,27311551,1813426,25877589.02,487660236.02
2023-11-10,459972699,64346060,2092698,31390470.0,491363169.0
2023-11-13,489532483,87458823,2355386,35801867.2,525334350.2
2023-11-14,495027611,41376998,1782554,27273076.2,522300687.2
2023-11-15,510394752,56190593,1940171,29645812.88,540040564.88
2023-11-16,491675126,26199725,1677122,25140058.78,516815184.78
2023-11-17,488778211,31845796,1773271,26865055.65,515643266.65
2023-11-20,484463368,48214974,1633071,24790017.78,509253385.78
2023-11-21,451764290,32526840,1195122,17556342.18,469320632.18
2023-11-22,448805684,16561885,1077322,15502663.58,464308347.58
2023-11-23,442901117,20669006,1146722,17040288.92,459941405.92
2023-11-24,454157904,26672596,1224086,17994064.2,472151968.2
2023-11-27,463353110,56608032,1691162,25874778.6,489227888.6
2023-11-28,491537397,50439960,1659917,25346932.59,516884329.59
2023-11-29,487863265,35743814,1459269,21903627.69,509766892.69
2023-11-30,494136562,30228997,1491147,22039152.66,516175714.66
2023-12-01,496493336,23766808,1346036,20311683.24,516805019.24
2023-12-04,492561601,18700146,1336124,20015137.52,512576738.52
2023-12-05,498738088,20704279,1205330,17573711.4,516311799.4
2023-12-06,484893989,10941960,1148414,16652003.0,501545992.0
2023-12-07,466492978,18856547,1092033,15375824.64,481868802.64
2023-12-08,467477912,14967725,1009173,13916495.67,481394407.67
2023-12-11,450551558,9123051,954277,13445762.93,463997320.93
2023-12-12,450729546,8544631,848755,12035345.9,462764891.9
2023-12-13,450319687,9590816,666122,9418965.08,459738652.08
2023-12-14,456738573,12649293,719700,10032618.0,466771191.0
2023-12-15,461529984,11507550,657000,9224280.0,470754264.0
2023-12-18,462193771,4263229,796118,10946622.5,473140393.5
2023-12-19,476996409,20958804,880449,12203023.14,489199432.14
2023-12-20,473621279,5266189,949155,12880033.35,486501312.35
2023-12-21,471369578,11729159,840810,11586361.8,482955939.8
2023-12-22,468015002,5708381,803012,11033384.88,479048386.88
2023-12-25,454241610,14459678,905801,12681214.0,466922824.0
2023-12-26,446192709,6387182,941685,12985836.15,459178545.15
2023-12-27,459698348,20592042,1086561,14679439.11,474377787.11
2023-12-28,455106409,8455142,950082,13168136.52,468274545.52
2023-12-29,456391546,13341538,1046382,14638884.18,471030430.18
2024-01-02,453467225,6963695,930385,12932351.5,466399576.5
2024-01-03,452670708,9556795,1069385,14575717.55,467246425.55
2024-01-04,453728734,4759573,1020485,13796957.2,467525691.2
2024-01-05,449837676,6126768,1192685,15731515.15,465569191.15
2024-01-08,449734691,5238870,950485,12213732.25,461948423.25
2024-01-09,448127543,4949200,979385,12653654.2,460781197.2
2024-01-10,446822582,4181741,728885,9388038.8,456210620.8
2024-01-11,444708730,7426035,768986,9996818.0,454705548.0
2024-01-12,442762701,4827728,768784,9863498.72,452626199.72
2024-01-15,439696097,2196480,739684,9460558.36,449156655.36
2024-01-16,434448034,5605516,820655,10184328.55,444632362.55
2024-01-17,433415453,3619104,755753,9137053.77,442552506.77
2024-01-18,430682976,6786550,748600,9170350.0,439853326.0
2024-01-19,430990909,4453045,757433,9096770.33,440087679.33
2024-01-22,413621021,3888182,871582,9857592.42,423478613.42
2024-01-23,414355186,7417323,760882,8772969.46,423128155.46
2024-01-24,417894892,8833978,774178,8972723.02,426867615.02
2024-01-25,413173834,6311449,730678,8870430.92,422044264.92
2024-01-26,412838609,5123260,704478,8453736.0,421292345.0
2024-01-29,410465467,3429026,771178,8953376.58,419418843.58
2024-01-30,409475559,4340407,801678,9034911.06,418510470.06
2024-01-31,399199108,5737925,779978,8298965.92,407498073.92
2024-02-01,396064231,5586865,770642,8045502.48,404109733.48
2024-02-02,388846336,12015564,738383,7376446.17,396222782.17
2024-02-05,370435899,7066949,775383,7110262.11,377546161.11
2024-02-06,363926033,4446488,736183,7420724.64,371346757.64
2024-02-07,360724448,7020303,610383,6653174.7,367377622.7
2024-02-08,357257626,7308241,532383,6164995.14,363422621.14
2024-02-19,353568475,8072118,440583,5057892.84,358626367.84
2024-02-20,351883425,7768635,414783,4740969.69,356624394.69
2024-02-21,352889668,7611162,413583,4760340.33,357650008.33
2024-02-22,354222230,9981198,416383,4975776.85,359198006.85
2024-02-23,351336150,6128464,404183,4866363.32,356202513.32
2024-02-26,350358414,6053276,394783,4776874.3,355135288.3
2024-02-27,352319431,10898161,396383,5002353.46,357321784.46
2024-02-28,348875992,9526068,461183,5474242.21,354350234.21
2024-02-29,352969715,12104004,440683,5482096.52,358451811.52
2024-03-01,354081821,14481980,433487,5518289.51,359600110.51
2024-03-04,354002151,8147279,484387,6146871.03,360149022.03
2024-03-05,358980690,18011438,529787,6828954.43,365809644.43
2024-03-06,364656795,19548106,532387,6771962.64,371428757.64
2024-03-07,356902985,11559692,529987,6550639.32,363453624.32
2024-03-08,357344024,8362175,482887,6050574.11,363394598.11
2024-03-11,357166941,5161317,481287,6049777.59,363216718.59
2024-03-12,362058922,13512466,473787,6007619.16,368066541.16
2024-03-13,358352111,9223324,421387,5322117.81,363674228.81
2024-03-14,350384228,5310125,440987,5485878.28,355870106.28
2024-03-15,354330783,10423711,521387,6652898.12,360983681.12
2024-03-18,352629758,7670898,496087,6404483.17,359034241.17
2024-03-19,351063080,8344560,509887,6577542.3,357640622.3
2024-03-20,356228209,11130280,458387,5972782.61,362200991.61
2024-03-21,362840851,23729240,445087,5786131.0,368626982.0
2024-03-22,363493682,6526434,456987,5826584.25,369320266.25
2024-03-25,364482321,10537340,498587,6172507.06,370654828.06
2024-03-26,361539796,6072904,555187,6884318.8,368424114.8
2024-03-27,357505735,3944656,582487,6803448.16,364309183.16
2024-03-28,354136257,4885277,655787,8059622.23,362195879.23
2024-03-29,355194712,8522955,596087,7463009.24,362657721.24
2024-04-01,355285315,11012672,631387,8290111.31,363575426.31
2024-04-02,356864596,6769469,531087,6771359.25,363635955.25
2024-04-03,364687231,19592257,691287,8869212.21,373556443.21
2024-04-08,361533434,5903588,717987,8838419.97,370371853.97
2024-04-09,363723021,4067089,719287,8861615.84,372584636.84
2024-04-10,363411801,6663792,635687,7571032.17,370982833.17
2024-04-11,362829337,3807122,632887,7468066.6,370297403.6
2024-04-12,362152735,2336589,604187,7093155.38,369245890.38
2024-04-15,367880910,12905340,621287,7262845.03,375143755.03
2024-04-16,364338681,6559322,592887,6539543.61,370878224.61
2024-04-17,362155584,3326580,602487,7049097.9,369204681.9
2024-04-18,360557869,3823573,547787,6370762.81,366928631.81
2024-04-19,358846875,7138110,584687,6583575.62,365430450.62
2024-04-22,354996246,4102411,625487,7130551.8,362126797.8
2024-04-23,356117770,3502943,601587,6791917.23,362909687.23
2024-04-24,351727811,4762899,530687,6092286.76,357820097.76
2024-04-25,351923563,4455460,529387,5971485.36,357895048.36
2024-04-26,360148820,22014124,573787,7120696.67,367269516.67
2024-04-29,365876432,21339250,520287,6566021.94,372442453.94
2024-04-30,365680307,15476598,503787,6367867.68,372048174.68
2024-05-06,366179604,12956436,548187,6852337.5,373031941.5
2024-05-07,365782262,7072357,580587,7228308.15,373010570.15
2024-05-08,362639876,4790603,642087,7788515.31,370428391.31
2024-05-09,362875171,7100576,691487,8553694.19,371428865.19
2024-05-10,365524821,8559904,683687,8272612.7,373797433.7
2024-05-13,353087570,9884460,706287,8320060.86,361407630.86
2024-05-14,356922549,9484021,699687,8256306.6,365178855.6
2024-05-15,350823879,6340275,694587,8091938.55,358915817.55
2024-05-16,351702755,6058983,719787,8349529.2,360052284.2
2024-05-17,346826820,6641764,677087,8077647.91,354904467.91
2024-05-20,346864209,9906017,666387,8043291.09,354907500.09
2024-05-21,351202760,8846103,635187,7520614.08,358723374.08
2024-05-22,350860481,3470760,663187,7865397.82,358725878.82
2024-05-23,351186854,8510490,701287,8106877.72,359293731.72
2024-05-24,355549520,12805464,850087,9376459.61,364925979.61
2024-05-27,355664560,11579292,824687,9236494.4,364901054.4
2024-05-28,355827573,11223549,885287,10039154.58,365866727.58
2024-05-29,352654193,5611907,874587,9891578.97,362545771.97
2024-05-30,352494792,8546220,878787,10141201.98,362635993.98
2024-05-31,351068194,9946942,817676,9591339.48,360659533.48
2024-06-03,349819548,6981823,818076,9571489.2,359391037.2
2024-06-04,347324837,5655605,769376,8801661.44,356126498.44
2024-06-05,345709147,6087442,800276,9179165.72,354888312.72
2024-06-06,348208457,8669874,809876,9086808.72,357295265.72
2024-06-07,347820691,7570639,685700,7624984.0,355445675.0
2024-06-11,348435121,11053167,686000,7937020.0,356372141.0
2024-06-12,344480153,6539227,669000,7706880.0,352187033.0
2024-06-13,342860429,5324291,688800,8003856.0,350864285.0
2024-06-14,345402950,6441213,612600,7075530.0,352478480.0
2024-06-17,347291948,7656550,581600,6798904.0,354090852.0
2024-06-18,349945945,11986714,542700,6251904.0,356197849.0
2024-06-19,348434692,10631796,578100,6503625.0,354938317.0
2024-06-20,351505780,8134881,624300,6967188.0,358472968.0
2024-06-21,353621195,11065551,643000,7175880.0,360797075.0
2024-06-24,359189174,10916852,464400,4927284.0,364116458.0
2024-06-25,360829051,7866358,457900,4707212.0,365536263.0
2024-06-26,366217563,15512660,632300,6930008.0,373147571.0
2024-06-27,365687039,7139275,557100,5927544.0,371614583.0
2024-06-28,365283621,5069561,637200,6830784.0,372114405.0
2024-07-01,362324332,7278349,559100,5987961.0,368312293.0
2024-07-02,360044990,3859838,585500,6159460.0,366204450.0
2024-07-03,361706061,3780292,692800,7295184.0,369001245.0
2024-07-04,361897138,3990792,710900,7300943.0,369198081.0
2024-07-05,361010648,3608505,718600,7415952.0,368426600.0
2024-07-08,362734515,6033846,717700,7033460.0,369767975.0
2024-07-09,358051033,8670729,701900,7236589.0,365287622.0
2024-07-10,358055586,5102040,627800,6472618.0,364528204.0
2024-07-11,355836266,6543767,552200,5809144.0,361645410.0
2024-07-12,355367272,2857381,501200,5207468.0,360574740.0
2024-07-15,356952521,8545795,559800,5900292.0,362852813.0
2024-07-16,353081091,5182441,437300,4674737.0,357755828.0
2024-07-17,353715201,5041984,466400,4981152.0,358696353.0
2024-07-18,355883637,8859184,502600,5327560.0,361211197.0
2024-07-19,356917184,13721740,499300,5507279.0,362424463.0
2024-07-22,357657387,10084697,453800,5000876.0,362658263.0
2024-07-23,354666325,7628801,427100,4501634.0,359167959.0
2024-07-24,353626195,4862940,431800,4443222.0,358069417.0
2024-07-25,353749739,3846991,410100,4215828.0,357965567.0
2024-07-26,352028171,5349241,365100,3866409.0,355894580.0
2024-07-29,352489194,3853046,370500,3901365.0,356390559.0
2024-07-30,356126054,10640315,377900,4130447.0,360256501.0
2024-07-31,358256987,14752193,311800,3504632.0,361761619.0
2024-08-01,366333755,24517760,309383,3588842.8,369922597.8
2024-08-02,364930302,13941970,321683,3631801.07,368562103.07
2024-08-05,378271156,24494857,286483,3208609.6,381479765.6
2024-08-06,380103539,8725807,303683,3407323.26,383510862.26
2024-08-07,382716240,9259040,286100,3218625.0,385934865.0
2024-08-08,381614469,8718238,285800,3198102.0,384812571.0
2024-08-09,384824168,10372952,323900,3627680.0,388451848.0
2024-08-12,378180378,7110258,313500,3348180.0,381528558.0
2024-08-13,381413179,7781304,471600,5055552.0,386468731.0
2024-08-14,383063666,4399036,531399,5627515.41,388691181.41
2024-08-15,383237813,4389963,515099,5527012.27,388764825.27
2024-08-16,378795979,2734757,509299,5368011.46,384163990.46
2024-08-19,377163965,4431784,468799,4922389.5,382086354.5
2024-08-20,378304024,3289455,408399,4239181.62,382543205.62
2024-08-21,378591684,3451988,463699,4734366.79,383326050.79
2024-08-22,374468745,2256048,461799,4636461.96,379105206.96
2024-08-23,374634719,2458531,442899,4486566.87,379121285.87
2024-08-26,377560992,4542359,228300,2328660.0,379889652.0
2024-08-27,376574742,2699810,214000,2140000.0,378714742.0
2024-08-28,373858096,2266282,213900,2136861.0,375994957.0
2024-08-29,369639807,2262101,211900,2167737.0,371807544.0
2024-08-30,371367170,7203718,208700,2160045.0,373527215.0
2024-09-02,371679676,5556107,206400,2074320.0,373753996.0
2024-09-03,371625459,2069477,210000,2118900.0,373744359.0
2024-09-04,365034888,2264363,208600,2094344.0,367129232.0
2024-09-05,363202038,1901924,190400,1924944.0,365126982.0
2024-09-06,363538336,5540515,186500,1855675.0,365394011.0
2024-09-09,365333821,3919323,185800,1839420.0,367173241.0
2024-09-10,363482513,4301804,189600,1897896.0,365380409.0
2024-09-11,363319499,2490723,193600,1930192.0,365249691.0
2024-09-12,362152953,4209278,190300,1910612.0,364063565.0
2024-09-13,363388082,7711306,188600,1912404.0,365300486.0
2024-09-18,368150840,8936976,215600,2149532.0,370300372.0
2024-09-19,366855593,22918653,225900,2478123.0,369333716.0
2024-09-20,368426459,38266874,226300,2566242.0,370992701.0
2024-09-23,369013405,17533093,219500,2412305.0,371425710.0
2024-09-24,367539858,21646737,203100,2256441.0,369796299.0
2024-09-25,376608161,24970314,203100,2258472.0,378866633.0
2024-09-26,382512125,26165590,202800,2330172.0,384842297.0
2024-09-27,381858210,18207246,199600,2387216.0,384245426.0
2024-09-30,393730290,63116508,161800,2129288.0,395859578.0
2024-10-08,387140301,43858417,157300,2277704.0,389418005.0
2024-10-09,374123968,66923419,200700,2868003.0,376991971.0
2024-10-10,390422025,48059114,234700,3166103.0,393588128.0
2024-10-11,398253146,31970536,240100,3046869.0,401300015.0
2024-10-14,403361004,40226365,228300,3171087.0,406532091.0
2024-10-15,395581376,57587623,260700,3670656.0,399252032.0
2024-10-16,405689482,36057838,235700,3255017.0,408944499.0
2024-10-17,413057835,31985090,239800,3309240.0,416367075.0
2024-10-18,417655393,52514762,238600,3431068.0,421086461.0
2024-10-21,490473124,139624359,260800,4125856.0,494598980.0
2024-10-22,463241678,106334091,235100,3575871.0,466817549.0
2024-10-23,454795450,51960952,199900,3058470.0,457853920.0
2024-10-24,468025744,37928217,201000,3012990.0,471038734.0
2024-10-25,472041538,28854965,198200,2976964.0,475018502.0
2024-10-28,540056028,102184232,198100,3070550.0,543126578.0
2024-10-29,541469786,39537871,197700,2965500.0,544435286.0
2024-10-30,532652877,28524640,152500,2246325.0,534899202.0
2024-10-31,563958297,65605903,147300,2224230.0,566182527.0
2024-11-01,563609537,44935944,148200,2114814.0,565724351.0
2024-11-04,594076452,71504903,144600,2195028.0,596271480.0
2024-11-05,569578852,39329272,172400,2644616.0,572223468.0
2024-11-06,585001174,65172776,196100,2980720.0,587981894.0
2024-11-07,608268622,58174792,183000,2801730.0,611070352.0
2024-11-08,611773763,71648270,188300,2928065.0,614701828.0
2024-11-11,631340181,101255390,199900,3258370.0,634598551.0
2024-11-12,598960948,52549193,206300,3240973.0,602201921.0
2024-11-13,590359561,24229564,197900,3081303.0,593440864.0
2024-11-14,593308502,33187430,208500,3154605.0,596463107.0
2024-11-15,585884589,30050411,195400,2819622.0,588704211.0
2024-11-18,586021662,19331797,203400,2865906.0,588887568.0
2024-11-19,582775519,10905952,190800,2758968.0,585534487.0
2024-11-20,579748680,13177227,167700,2419911.0,582168591.0
2024-11-21,574989805,19392113,149500,2134860.0,577124665.0
2024-11-22,573558574,24600222,154800,2099088.0,575657662.0
2024-11-25,564449421,16169919,140700,1862868.0,566312289.0
2024-11-26,569878839,13021823,156400,2070736.0,571949575.0
2024-11-27,577937635,19674440,137800,1867190.0,579804825.0
2024-11-28,578729268,16503320,157700,2119488.0,580848756.0
2024-11-29,570908798,15948986,156300,2131932.0,573040730.0
2024-12-02,573224347,16180861,180400,2484108.0,575708455.0
2024-12-03,575483132,19314039,176300,2427651.0,577910783.0
2024-12-04,576804422,28606824,179000,2495260.0,579299682.0
2024-12-05,574389626,12718864,179600,2509012.0,576898638.0
2024-12-06,571925511,16713747,191900,2675086.0,574600597.0
2024-12-09,575581053,12096268,186200,2549078.0,578130131.0
2024-12-10,575200609,31529418,180200,2558840.0,577759449.0
2024-12-11,584140876,24696274,185700,2614656.0,586755532.0
2024-12-12,587169264,19595976,156800,2196768.0,589366032.0
2024-12-13,585389425,19970958,186400,2563000.0,587952425.0
2024-12-16,583979431,14920309,199200,2663304.0,586642735.0
2024-12-17,589867816,15242601,197400,2609628.0,592477444.0
2024-12-18,588771611,11117604,187800,2518398.0,591290009.0
2024-12-19,604687335,37333617,189700,2638727.0,607326062.0
2024-12-20,624424991,88553159,179700,2627214.0,627052205.0
2024-12-23,632541989,31393181,183600,2564892.0,635106881.0
2024-12-24,636567521,20508680,183600,2570400.0,639137921.0
2024-12-25,641368426,19265186,187100,2593206.0,643961632.0
2024-12-26,649465308,27547197,186900,2622207.0,652087515.0
2024-12-27,651160878,20874801,187100,2585722.0,653746600.0
2024-12-30,648492902,15230761,155500,2110135.0,650603037.0
2024-12-31,649695720,16036234,149100,1966629.0,651662349.0
2025-01-02,644730464,12615482,153400,1943578.0,646674042.0
2025-01-03,643079062,15493269,180900,2299239.0,645378301.0
2025-01-06,645262899,10040462,177100,2227918.0,647490817.0
2025-01-07,647719153,11449084,199500,2549610.0,650268763.0
2025-01-08,643617004,13321840,205900,2557278.0,646174282.0
2025-01-09,657656928,25918632,186000,2328720.0,659985648.0
2025-01-10,659565062,18429453,182200,2222840.0,661787902.0
2025-01-13,658761625,7132234,179200,2198784.0,660960409.0
2025-01-14,657126096,13964396,192800,2458200.0,659584296.0
2025-01-15,656333916,6595737,192700,2426093.0,658760009.0
2025-01-16,657028668,10456229,187800,2366280.0,659394948.0
2025-01-17,654894252,10884125,175600,2226608.0,657120860.0
2025-01-20,654003320,8832035,168500,2128155.0,656131475.0
2025-01-21,657611658,10042115,176100,2229426.0,659841084.0
2025-01-22,653261076,4628399,174300,2192694.0,655453770.0
2025-01-23,649813265,11011003,170900,2163594.0,651976859.0
2025-01-24,647993775,6856662,171300,2182362.0,650176137.0
2025-01-27,640148076,6036076,174000,2180220.0,642328296.0
2025-02-05,639045030,12214380,189500,2442655.0,641487685.0
2025-02-06,642738821,15981995,193500,2565810.0,645304631.0
2025-02-07,641443367,19818368,186700,2479376.0,643922743.0
2025-02-10,650374996,20278397,180200,2402066.0,652777062.0
2025-02-11,650045522,10712856,172500,2270100.0,652315622.0
2025-02-12,651304420,22599361,167400,2244834.0,653549254.0
2025-02-13,645667692,19845144,126500,1663475.0,647331167.0
2025-02-14,648101469,20254155,128700,1692405.0,649793874.0
2025-02-17,641812206,23818707,120200,1561398.0,643373604.0
2025-02-18,641974492,14539673,112000,1434720.0,643409212.0
2025-02-19,644123243,16818401,126900,1659852.0,645783095.0
2025-02-20,632215569,9093656,103100,1344424.0,633559993.0
2025-02-21,630651723,17913278,67100,891088.0,631542811.0
2025-02-24,628961417,18171212,52600,695372.0,629656789.0
2025-02-25,622303668,13632249,58600,771176.0,623074844.0
2025-02-26,619225221,15043606,55600,732808.0,619958029.0
2025-02-27,621145641,18114242,55200,722568.0,621868209.0
2025-02-28,612858491,10434810,38900,487417.0,613345908.0
2025-03-03,608546200,8805758,69200,865000.0,609411200.0
2025-03-04,605972336,12714832,80000,1028800.0,607001136.0
2025-03-05,606474246,11183718,76300,975114.0,607449360.0
2025-03-06,599693861,19741930,69200,905136.0,600598997.0
2025-03-07,601492919,15902171,68600,886312.0,602379231.0
2025-03-10,599949356,9692081,111100,1436523.0,601385879.0
2025-03-11,607724017,25224515,110900,1450572.0,609174589.0
2025-03-12,614906074,28291014,106400,1408736.0,616314810.0
2025-03-13,621374471,23761835,88500,1172625.0,622547096.0
2025-03-14,622744824,23274807,129300,1720983.0,624465807.0
2025-03-17,628396591,36089181,127100,1701869.0,630098460.0
2025-03-18,633216549,23984929,129100,1715739.0,634932288.0
2025-03-19,636266575,13987850,150700,1980198.0,638246773.0
2025-03-20,639101885,11321106,143400,1875672.0,640977557.0
2025-03-21,638413480,11870124,140000,1799000.0,640212480.0
2025-03-24,635066523,9324968,146800,1877572.0,636944095.0
2025-03-25,635641905,8415605,161900,2064225.0,637706130.0
2025-03-26,631592282,4050265,160600,2055680.0,633647962.0
2025-03-27,634599578,10790604,158100,2030004.0,636629582.0
2025-03-28,627061822,9160893,158700,2025012.0,629086834.0
2025-03-31,623872383,5352958,160700,2028034.0,625900417.0
2025-04-01,625261640,4954741,167700,2102958.0,627364598.0
2025-04-02,628809564,7370965,152700,1917912.0,630727476.0
2025-04-03,630270850,8037748,150000,1873500.0,632144350.0
2025-04-07,616055253,11625800,149700,1682628.0,617737881.0
2025-04-08,611488666,10426039,161400,1828662.0,613317328.0
2025-04-09,602383836,16317819,159300,1851066.0,604234902.0
2025-04-10,598134733,12359781,117400,1371232.0,599505965.0
2025-04-11,584991575,18449758,98900,1209547.0,586201122.0
2025-04-14,579636921,10938225,88100,1065129.0,580702050.0
2025-04-15,572073241,7035647,73200,870348.0,572943589.0
2025-04-16,577887692,19640760,105700,1297996.0,579185688.0
2025-04-17,578345883,12480512,125800,1525954.0,579871837.0
2025-04-18,574826153,7299110,114500,1372855.0,576199008.0
2025-04-21,572466026,6443785,104000,1254240.0,573720266.0
2025-04-22,571406984,3501100,105300,1259388.0,572666372.0
2025-04-23,571517023,4468655,100000,1196000.0,572713023.0
2025-04-24,571444867,4171187,95100,1127886.0,572572753.0
2025-04-25,572325213,5938219,90500,1073330.0,573398543.0
2025-04-28,571269386,3157973,97100,1138983.0,572408369.0
2025-04-29,571256988,7425804,103700,1245437.0,572502425.0
2025-04-30,570798556,4276490,99900,1198800.0,571997356.0
2025-05-06,575386926,10742013,100100,1216215.0,576603141.0
2025-05-07,571308917,6048094,98300,1193362.0,572502279.0
2025-05-08,575143840,12726435,91400,1123306.0,576267146.0
2025-05-09,579164250,10517479,104400,1268460.0,580432710.0
2025-05-12,577930557,11035664,119200,1480464.0,579411021.0
2025-05-13,578866123,7241426,118000,1444320.0,580310443.0
2025-05-14,577426945,7469638,108000,1317600.0,578744545.0
2025-05-15,579999142,5769501,102400,1234944.0,581234086.0
2025-05-16,580262770,4322628,108100,1297200.0,581559970.0
2025-05-19,580461592,5955517,108100,1311253.0,581772845.0
2025-05-20,565626602,11703135,99400,1214668.0,566841270.0
2025-05-21,570250291,24123010,123600,1514100.0,571764391.0
2025-05-22,570643430,5090505,118600,1430316.0,572073746.0
2025-05-23,568161360,5565971,123000,1456320.0,569617680.0
2025-05-26,568746115,6363462,117800,1414778.0,570160893.0
2025-05-27,570441036,5267556,135599,1619052.06,572060088.06
2025-05-28,568803051,2692937,115699,1371033.15,570174084.15
2025-05-29,566299267,2845010,115499,1388297.98,567687564.98
2025-05-30,550506345,4707869,122599,1451572.16,551957917.16
2025-06-03,549248144,4962253,119398,1423224.16,550671368.16
2025-06-04,548680447,3328729,112898,1360420.9,550040867.9
2025-06-05,547398388,4014159,112098,1361990.7,548760378.7
2025-06-06,547657859,5630509,47900,586775.0,548244634.0
2025-06-09,546956734,6436823,78100,955944.0,547912678.0
2025-06-10,544975816,4057321,120800,1470136.0,546445952.0
2025-06-11,544424041,3972517,110700,1342791.0,545766832.0
2025-06-12,543946249,3699418,110800,1339572.0,545285821.0
2025-06-13,545878336,9402649,109300,1303949.0,547182285.0
2025-06-16,519494152,14151167,110500,1312740.0,520806892.0
2025-06-17,527157052,12042736,92400,1106028.0,528263080.0
2025-06-18,526162742,5358573,104300,1257858.0,527420600.0
2025-06-19,524815852,3489712,119600,1419652.0,526235504.0
2025-06-20,522178275,3115778,131100,1554846.0,523733121.0
2025-06-23,520091054,3815489,129300,1546428.0,521637482.0
2025-06-24,519536503,9410718,129700,1568073.0,521104576.0
2025-06-25,516594883,12905896,110900,1357416.0,517952299.0
2025-06-26,518244921,11377695,106100,1293359.0,519538280.0
2025-06-27,511486175,7545438,101100,1239486.0,512725661.0
2025-06-30,513541850,22549489,129900,1647132.0,515188982.0
2025-07-01,517413695,21129892,122500,1569225.0,518982920.0
2025-07-02,521036493,15975445,118100,1484517.0,522521010.0
2025-07-03,521333427,8461540,128100,1599969.0,522933396.0
2025-07-04,522357783,9625110,67400,830368.0,523188151.0
2025-07-07,523906615,6928438,56300,691927.0,524598542.0
2025-07-08,523293148,8425627,60000,744600.0,524037748.0
2025-07-09,524093282,8477347,57900,715065.0,524808347.0
2025-07-10,526094829,12171737,63100,779285.0,526874114.0
2025-07-11,525346325,14694595,63700,793065.0,526139390.0
2025-07-14,518913339,11785755,85500,1090980.0,520004319.0
2025-07-15,522493431,14815071,85600,1059728.0,523553159.0
2025-07-16,523071852,8406481,117500,1455825.0,524527677.0
2025-07-17,523160863,6783052,118100,1467983.0,524628846.0
2025-07-18,524280668,8587218,113000,1404590.0,525685258.0
2025-07-21,521137165,7185700,130100,1623648.0,522760813.0
2025-07-22,519829557,14536138,121700,1526118.0,521355675.0
2025-07-23,515376062,12579655,125800,1563694.0,516939756.0
2025-07-24,513206141,7249809,126200,1581286.0,514787427.0
2025-07-25,515079221,22278265,126900,1607823.0,516687044.0
2025-07-28,518361626,11177768,126300,1587591.0,519949217.0
2025-07-29,518124429,10762822,125900,1591376.0,519715805.0
2025-07-30,516540567,10435402,125300,1576274.0,518116841.0
2025-07-31,510282284,10243915,125600,1557440.0,511839724.0
2025-08-01,510616325,7833337,133600,1649960.0,512266285.0
2025-08-04,508855795,7457943,125400,1559976.0,510415771.0
2025-08-05,507176438,7410690,123600,1545000.0,508721438.0
2025-08-06,503743610,9799284,124500,1573680.0,505317290.0
2025-08-07,510369053,19913573,123300,1570842.0,511939895.0
2025-08-08,511273942,11169711,123000,1560870.0,512834812.0
2025-08-11,558685511,161861074,158000,2205680.0,560891191.0
2025-08-12,555816800,144534539,146400,2056920.0,557873720.0
2025-08-13,559070596,66246015,149200,2070896.0,561141492.0
2025-08-14,563535548,108102079,162100,2287231.0,565822779.0
2025-08-15,586481249,113791257,128500,1867105.0,588348354.0
2025-08-18,571352885,105623503,149500,2151305.0,573504190.0
2025-08-19,587877201,63022109,150700,2132405.0,590009606.0
2025-08-20,580438358,38518499,149000,2120270.0,582558628.0
2025-08-21,581015933,35873294,149600,2107864.0,583123797.0
2025-08-22,572406200,51581891,135700,1948652.0,574354852.0
2025-08-25,578991053,78780027,146000,2133060.0,581124113.0
2025-08-26,595562391,93577098,145100,2151833.0,597714224.0
2025-08-27,574160238,61064108,149100,2138094.0,576298332.0
2025-08-28,591764978,104527289,148900,2257324.0,594022302.0
2025-08-29,568796345,42295923,149000,2182850.0,570979195.0
2025-09-01,557634573,39755296,139400,2026876.0,559661449.0
2025-09-02,572638930,52943382,127600,1810644.0,574449574.0
2025-09-03,579182867,34939148,119400,1664436.0,580847303.0
2025-09-04,584147211,39296361,119800,1605320.0,585752531.0
2025-09-05,575731246,22969244,106200,1458126.0,577189372.0
2025-09-08,573954593,33501568,112400,1585964.0,575540557.0
2025-09-09,577521384,28851176,132100,1811091.0,579332475.0
2025-09-10,576607538,17734960,143100,1973349.0,578580887.0
2025-09-11,584770930,57529602,135000,1946700.0,586717630.0
2025-09-12,564074261,33104129,118900,1712160.0,565786421.0
2025-09-15,559364962,38508417,138300,1992903.0,561357865.0
2025-09-16,551088219,32043376,132700,1889648.0,552977867.0
2025-09-17,552366196,44958074,134000,1896100.0,554262296.0
2025-09-18,546825529,40526605,141200,1993744.0,548819273.0
2025-09-19,541748784,20716398,141500,1961190.0,543709974.0
2025-09-22,542146237,15932722,149100,2100819.0,544247056.0
2025-09-23,550789848,29837508,135100,1919771.0,552709619.0
2025-09-24,556595752,39476343,149100,2161950.0,558757702.0
2025-09-25,560893529,40258711,134400,1959552.0,562853081.0
2025-09-26,549966247,24795730,127700,1795462.0,551761709.0
2025-09-29,551249084,23069344,131400,1865880.0,553114964.0
2025-09-30,548063445,20714318,57000,810540.0,548873985.0
2025-10-09,559827746,53696832,120000,1765200.0,561592946.0
2025-10-10,566551265,35408177,120600,1711314.0,568262579.0
2025-10-13,565703805,30699139,125700,1806309.0,567510114.0
2025-10-14,549858640,29834049,125000,1728750.0,551587390.0
2025-10-15,555850193,18855675,125000,1730000.0,557580193.0
2025-10-16,556755729,19381241,134500,1839960.0,558595689.0
2025-10-17,551039937,15831912,121300,1604799.0,552644736.0
2025-10-20,553428249,9438749,138500,1836510.0,555264759.0
2025-10-21,550068760,7790452,138600,1853082.0,551921842.0
2025-10-22,553827313,8592355,138700,1837775.0,555665088.0
2025-10-23,549119776,7197433,137500,1809500.0,550929276.0
2025-10-24,549858531,22111042,138700,1883546.0,551742077.0
2025-10-27,536910595,15227332,133600,1816960.0,538727555.0
2025-10-28,534846730,8672100,104400,1409400.0,536256130.0
2025-10-29,533255762,13631045,51400,698526.0,533954288.0
2025-10-30,542410201,18972468,54900,743346.0,543153547.0
2025-10-31,546518889,18417036,66800,892448.0,547411337.0
2025-11-03,558041384,31493261,97200,1340388.0,559381772.0
2025-11-04,573576568,79614933,141100,2017730.0,575594298.0
2025-11-05,580272166,32654615,143700,2024733.0,582296899.0
2025-11-06,590486859,38013156,142300,2026352.0,592513211.0
2025-11-07,585478896,21690397,141700,2017808.0,587496704.0
2025-11-10,574456138,20948082,153700,2170244.0,576626382.0
2025-11-11,592589736,63089720,143800,2098042.0,594687778.0
2025-11-12,599002585,76177030,158000,2336820.0,601339405.0
2025-11-13,695375024,164730923,155900,2352531.0,697727555.0
2025-11-14,742179026,98611071,165600,2543616.0,744722642.0
2025-11-17,780262694,110070047,145200,2256408.0,782519102.0
2025-11-18,738498605,62683540,140500,2106095.0,740604700.0
2025-11-19,774417240,195621947,141400,2217152.0,776634392.0
2025-11-20,798052723,103590275,132600,2042040.0,800094763.0
2025-11-21,753950068,51367566,132500,1901375.0,755851443.0
2025-11-24,758350266,105334545,121800,1889118.0,760239384.0
2025-11-25,761867578,108144275,127500,2004300.0,763871878.0
2025-11-26,739869135,109987640,121000,1741190.0,741610325.0
2025-11-27,741625321,87992929,139900,2214617.0,743839938.0
2025-11-28,737931862,144550589,141200,2194248.0,740126110.0
2025-12-01,777781903,113637456,135400,2091930.0,779873833.0
2025-12-02,775238456,75683691,131200,2000800.0,777239256.0
2025-12-03,787622553,80271718,119100,1763871.0,789386424.0
2025-12-04,805471009,68998825,128200,1902488.0,807373497.0
2025-12-05,822829385,89440012,139800,2138940.0,824968325.0
2025-12-08,772604425,66661292,140900,2175496.0,774779921.0
2025-12-09,762062850,70973279,129000,2008530.0,764071380.0
2025-12-10,758278500,56384027,121400,1884128.0,760162628.0
2025-12-11,755727773,55182294,130600,2007322.0,757735095.0
2025-12-12,754435269,62346626,129700,1993489.0,756428758.0
2025-12-15,756869037,75504731,139900,2192233.0,759061270.0
2025-12-16,767546023,73026014,130900,2025023.0,769571046.0
2025-12-17,755550322,58759134,130100,1998336.0,757548658.0
2025-12-18,751661261,55994220,139600,2169384.0,753830645.0
2025-12-19,761890214,73304825,121900,1911392.0,763801606.0
2025-12-22,747354654,66585252,117600,1845144.0,749199798.0
2025-12-23,746608942,53432498,120800,1824080.0,748433022.0
2025-12-24,750303440,100604144,137300,2206411.0,752509851.0
2025-12-25,757342868,92275298,148300,2418773.0,759761641.0
2025-12-26,774608112,129176254,135300,2279805.0,776887917.0
2025-12-29,775882525,67923727,131700,2170416.0,778052941.0
2025-12-30,787464271,160080778,177600,3106224.0,790570495.0
2025-12-31,812878876,151339909,191500,3360825.0,816239701.0
2026-01-05,782880544,106630894,199200,3460104.0,786340648.0
2026-01-06,772064142,84820158,197200,3411560.0,775475702.0
2026-01-07,755670734,88432268,210500,3641650.0,759312384.0
2026-01-08,808054541,189211559,197700,3627795.0,811682336.0
2026-01-09,810877574,171215324,192600,3588138.0,814465712.0
2026-01-12,807292297,46608603,194000,3975060.0,811267357.0
2026-01-13,1008163193,503646353,205000,4620700.0,1012783893.0
2026-01-14,893445038,360073808,201800,4621220.0,898066258.0
2026-01-15,869244850,198351306,210200,4332222.0,873577072.0
2026-01-16,905717002,165495771,214300,4508872.0,910225874.0
2026-01-19,897941602,116812670,208100,4195296.0,902136898.0
2026-01-20,762939529,142344281,196600,3743264.0,766682793.0
2026-01-21,755388654,146505970,182400,3695424.0,759084078.0
2026-01-22,900883039,375383873,193100,4132340.0,905015379.0
2026-01-23,980074654,389935215,197800,4428742.0,984503396.0
2026-01-26,950685784,201052467,210700,4747071.0,955432855.0
2026-01-27,863516302,119039391,191800,4752804.0,868269106.0
2026-01-28,839775044,269550204,200100,5012505.0,844787549.0
2026-01-29,808638445,194614262,200600,4696046.0,813334491.0
2026-01-30,772130753,149687598,194000,4236960.0,776367713.0
2026-02-02,757860555,87203174,175500,3692520.0,761553075.0
2026-02-03,744821874,102430291,151600,3274560.0,748096434.0
2026-02-04,724180365,95558666,186500,3838170.0,728018535.0
2026-02-05,709961216,65921455,140700,2833698.0,712794914.0
2026-02-06,689387849,69624481,136700,2723064.0,692110913.0
2026-02-09,690343766,59442179,118700,2385870.0,692729636.0
2026-02-10,672841108,37550439,131900,2585240.0,675426348.0
2026-02-11,642049483,29654054,93000,1801410.0,643850893.0
2026-02-12,629940442,27265484,86300,1669042.0,631609484.0
2026-02-13,604654654,22897513,80000,1528800.0,606183454.0
2026-02-24,622947930,42317116,81700,1575176.0,624523106.0
2026-02-25,663495678,74470032,109400,2150804.0,665646482.0
2026-02-26,661411213,40622391,219700,4306120.0,665717333.0
2026-02-27,655784196,39601141,218300,4283046.0,660067242.0
2026-03-02,652012294,56475236,213700,4092355.0,656104649.0
2026-03-03,647993401,58836394,170100,3026079.0,651019480.0
2026-03-04,635594547,24119603,125100,2226780.0,637821327.0
2026-03-05,629288148,22938235,128000,2334720.0,631622868.0
2026-03-06,627928125,23859425,123700,2257525.0,630185650.0
2026-03-09,621823227,22845275,115400,2097972.0,623921199.0
2026-03-10,629303663,31029614,103300,1908984.0,631212647.0
2026-03-11,627985184,29000650,90100,1634414.0,629619598.0
2026-03-12,620909882,18845940,81700,1454260.0,622364142.0
2026-03-13,608551895,14735338,75600,1319976.0,609871871.0
2026-03-16,602883667,12306409,63300,1112181.0,603995848.0
2026-03-17,596685284,11760219,72700,1235900.0,597921184.0
2026-03-18,600781248,23356363,89300,1552034.0,602333282.0
2026-03-19,598541948,14712942,69400,1174248.0,599716196.0
2026-03-20,587355153,12956798,70500,1154085.0,588509238.0
2026-03-23,562747178,20874826,39600,609840.0,563357018.0
2026-03-24,563676453,19662345,44200,694824.0,564371277.0
2026-03-25,578714961,33305861,46200,734118.0,579449079.0
2026-03-26,576019211,13208837,45300,707133.0,576726344.0
2026-03-27,579792407,21838020,44600,705572.0,580497979.0
2026-03-30,578247282,12634176,31900,507529.0,578754811.0
2026-03-31,571308774,16540783,34200,544464.0,571853238.0
2026-04-01,574552125,18463522,49400,798304.0,575350429.0
2026-04-02,557060433,11949336,48500,764360.0,557824793.0
2026-04-03,552957549,9359306,23600,366508.0,553324057.0
2026-04-07,549998462,11123442,19200,297216.0,550295678.0
2026-04-08,555063258,26560816,33200,543816.0,555607074.0
2026-04-09,562448317,22462173,18500,297850.0,562746167.0
2026-04-10,565183372,20893887,21600,348408.0,565531780.0
2026-04-13,563852662,12532087,32200,521962.0,564374624.0
2026-04-14,589391973,46160332,32200,536774.0,589928747.0
2026-04-15,584399887,22085790,60300,994347.0,585394234.0
2026-04-16,591038337,39563464,71300,1226360.0,592264697.0
2026-04-17,608253061,44464103,101000,1749320.0,610002381.0
2026-04-20,622304989,47009943,103200,1813224.0,624118213.0
2026-04-21,615626491,26108792,126000,2164680.0,617791171.0
2026-04-22,614440223,32553096,127800,2212218.0,616652441.0
2026-04-23,617135457,29275441,99900,1703295.0,618838752.0
2026-04-24,609801097,15413644,104500,1756645.0,611557742.0
2026-04-27,608513221,24634967,82200,1410552.0,609923773.0
2026-04-28,611393361,26510098,81800,1362788.0,612756149.0
2026-04-29,606072021,28428248,73500,1184085.0,607256106.0
2026-04-30,587730534,21492828,42000,690900.0,588421434.0
2026-05-06,614924568,68586409,61700,1073580.0,615998148.0
2026-05-07,604208912,30599761,86800,1522472.0,605731384.0
2026-05-08,612641763,46059116,83300,1479408.0,614121171.0
2026-05-11,591662558,44569084,66100,1176580.0,592839138.0
2026-05-12,596906738,31186675,39900,690270.0,597597008.0
2026-05-13,596275109,35021681,39400,682802.0,596957911.0
2026-05-14,588391389,23760855,34000,565080.0,588956469.0
2026-05-15,579207080,15486714,31000,503440.0,579710520.0
2026-05-18,570940328,13689969,33600,553056.0,571493384.0
2026-05-19,570789249,21420997,31900,522203.0,571311452.0
2026-05-20,580335731,34549798,29400,488922.0,580824653.0
2026-05-21,578139175,31928703,67900,1063314.0,579202489.0
2026-05-22,581486877,33069299,126600,2054718.0,583541595.0
2026-05-25,570879709,30068735,128400,2108328.0,572988037.0
2026-05-26,584484186,31475532,124000,1965400.0,586449586.0
2026-05-27,578937221,30272127,140400,2195856.0,581133077.0
2026-05-28,577216007,21481916,150400,2370304.0,579586311.0
2026-05-29,567932091,23951619,152000,2210080.0,570142171.0
2026-06-01,566396893,23192368,174900,2483580.0,568880473.0
2026-06-02,567225852,16551219,222100,3082748.0,570308600.0
2026-06-03,563781691,15105048,230400,3220992.0,567002683.0
2026-06-04,563065952,11132247,214300,2976627.0,566042579.0
2026-06-05,554254881,18475374,175700,2463314.0,556718195.0
2026-06-08,548712654,14922258,170900,2286642.0,550999296.0
2026-06-09,543198655,12377162,243900,3353625.0,546552280.0
2026-06-10,539270597,8322895,243900,3278016.0,542548613.0
2026-06-11,535817343,9570746,254700,3344211.0,539161554.0
2026-06-12,531671093,18898203,254900,3405464.0,535076557.0
2026-06-15,542083480,25022656,241800,3336840.0,545420320.0
2026-06-16,542388114,22495850,254500,3542640.0,545930754.0
2026-06-17,541144692,22589636,263100,3736020.0,544880712.0
2026-06-18,543689614,22827299,256000,3624960.0,547314574.0
2026-06-22,547172094,28993927,266000,3676120.0,550848214.0
2026-06-23,563347648,52868212,319300,4703289.0,568050937.0
2026-06-24,626762525,106855323,333300,5399460.0,632161985.0
2026-06-25,659018645,101311958,322900,5373056.0,664391701.0
2026-06-26,676815695,79726726,319300,5332310.0,682148005.0
2026-06-29,663683880,48409946,324300,5192043.0,668875923.0
2026-06-30,670004627,54621842,319200,5467896.0,675472523.0
2026-07-01,704212216,94113796,309200,5429552.0,709641768.0
2026-07-02,714474623,76829816,298500,5050620.0,719525243.0
2026-07-03,710136799,50819188,318100,5328175.0,715464974.0
2026-07-06,697378064,40600133,318500,5350800.0,702728864.0
2026-07-07,680116548,22002586,328200,5274174.0,685390722.0
2026-07-08,672147617,30981337,281600,4449280.0,676596897.0
2026-07-09,672646407,55245442,341600,5841360.0,678487767.0
2026-07-10,642557047,58985129,332400,5627532.0,648184579.0
2026-07-13,631726867,31353637,328600,5007864.0,636734731.0
2026-07-14,624506482,23516868,325000,4680000.0,629186482.0
2026-07-15,615397314,16295843,314900,4345620.0,619742934.0
2026-07-16,607784246,17220866,322600,4303484.0,612087730.0
2026-07-17,590310325,15912593,313000,3759130.0,594069455.0
2026-07-20,569600892,12907438,311300,3527029.0,573127921.0
2026-07-21,565368758,14989659,273500,3251915.0,568620673.0
2026-07-22,563952526,13045910,309100,3594833.0,567547359.0
2026-07-23,565948489,10996176,326700,3799521.0,569748010.0
2026-07-24,554440688,12788334,349600,4156744.0,558597432.0
2026-07-27,553302038,15200474,346700,4240141.0,557542179.0
2026-07-28,550984534,7410423,347700,4161969.0,555146503.0
2026-07-29,548283110,9705555,350400,4292400.0,552575510.0
2026-07-30,547230743,6437396,352800,4215960.0,551446703.0
2026-07-31,551811860,16125775,342900,4159377.0,555971237.0
