date,rz_balance,rz_buy,rq_volume,rq_balance,rzrq_balance
2021-07-28,35150416,37060892,0,0,35150416
2021-07-29,44500194,29906591,0,0,44500194
2021-07-30,42914818,23972178,0,0,42914818
2021-08-02,48485265,27589090,0,0,48485265
2021-08-03,49383694,30719128,0,0,49383694
2021-08-04,42612346,16159568,0,0,42612346
2021-08-05,62932280,40653104,0,0,62932280
2021-08-06,79866377,33192763,0,0,79866377
2021-08-09,76747397,13327768,0,0,76747397
2021-08-10,63387561,12740190,0,0,63387561
2021-08-11,47752281,15841066,0,0,47752281
2021-08-12,42255560,14098663,0,0,42255560
2021-08-13,46052980,19944489,0,0,46052980
2021-08-16,63205918,32613807,0,0,63205918
2021-08-17,59644263,11384775,0,0,59644263
2021-08-18,59679747,11306002,0,0,59679747
2021-08-19,60010227,10821054,0,0,60010227
2021-08-20,50414643,3920590,0,0,50414643
2021-08-23,50213138,9895084,0,0,50213138
2021-08-24,47069503,11086263,0,0,47069503
2021-08-25,48678027,8161362,0,0,48678027
2021-08-26,52369342,11137436,0,0,52369342
2021-08-27,51365901,12120411,0,0,51365901
2021-08-30,51580690,9041060,0,0,51580690
2021-08-31,50646606,3990926,0,0,50646606
2021-09-01,53783958,9625933,0,0,53783958
2021-09-02,51444103,2828004,5100,284070,51728173
2021-09-03,50862866,7356583,5100,269025,51131891
2021-09-06,49255688,2830103,10200,532440,49788128
2021-09-07,48472762,7199771,10500,546000,49018762
2021-09-08,43373552,9475964,5400,259524,43633076
2021-09-09,42814701,7008099,5400,272160,43086861
2021-09-10,38873823,1885905,1100,56210,38930033
2021-09-13,42170869,16421786,5000,265050,42435919
2021-09-14,46101735,11544107,3900,202800,46304535
2021-09-15,37159729,3364185,2400,126024,37285753
2021-09-16,34373425,5725258,3200,172000,34545425
2021-09-17,37942847,7447960,3500,190680,38133527
2021-09-22,40823834,7582257,3500,186900,41010734
2021-09-23,36791109,5294612,2400,119952,36911061
2021-09-24,35479751,1019949,3400,169048,35648799
2021-09-27,32734854,1960932,2900,137605,32872459
2021-09-28,32878468,2801505,1900,90763,32969231
2021-09-29,30833379,397042,1200,55488,30888867
2021-09-30,29974598,1507703,1200,59400,30033998
2021-10-08,31124380,2038703,1200,56184,31180564
2021-10-11,31821675,1324868,1200,56160,31877835
2021-10-12,32998787,3284285,700,31850,33030637
2021-10-13,31066635,1874484,700,32844,31099479
2021-10-14,31209321,1978770,700,32816,31242137
2021-10-15,26206433,681074,700,34230,26240663
2021-10-18,26119627,269263,700,34160,26153787
2021-10-19,27872983,2618971,700,34153,27907136
2021-10-20,28352310,1258318,700,34923,28387233
2021-10-21,28167524,437970,700,35140,28202664
2021-10-22,25877540,327110,700,35140,25912680
2021-10-25,26089370,394001,700,35007,26124377
2021-10-26,25809329,194292,700,35000,25844329
2021-10-27,25854052,818901,700,34650,25888702
2021-10-28,26381412,1295252,700,32970,26414382
2021-10-29,25668021,268313,700,33950,25701971
2021-11-01,26398894,1351175,700,33957,26432851
2021-11-02,28606416,3332984,700,33285,28639701
2021-11-03,28866816,388032,700,32732,28899548
2021-11-04,28735229,652652,700,33439,28768668
2021-11-05,28247362,381305,700,32900,28280262
2021-11-08,28120338,732645,600,27852,28148190
2021-11-09,28013243,1271390,600,28314,28041557
2021-11-10,29417976,2136142,600,28122,29446098
2021-11-11,30217350,1966227,600,28500,30245850
2021-11-12,30882200,6602820,600,30864,30913064
2021-11-15,30926046,3795342,600,31194,30957240
2021-11-16,29710275,3048526,600,31140,29741415
2021-11-17,30454763,2393433,600,31758,30486521
2021-11-18,30409141,2634237,600,31284,30440425
2021-11-19,28658522,1630538,600,32376,28690898
2021-11-22,34399702,7154163,600,32964,34432666
2021-11-23,32876236,2257966,600,33066,32909302
2021-11-24,32386766,4318584,600,33744,32420510
2021-11-25,32834792,2186219,600,32760,32867552
2021-11-26,33154098,2183658,600,32880,33186978
2021-11-29,31231951,752243,600,33072,31265023
2021-11-30,29980394,838896,600,32514,30012908
2021-12-01,30085203,1865456,600,31956,30117159
2021-12-02,28667661,779606,600,31494,28699155
2021-12-03,29553438,1628635,600,31440,29584878
2021-12-06,28146997,556626,0,0,28146997
2021-12-07,31602041,5235604,0,0,31602041
2021-12-08,29108717,1093921,0,0,29108717
2021-12-09,30242031,1735215,0,0,30242031
2021-12-10,28975856,1370135,0,0,28975856
2021-12-13,28278005,1972210,0,0,28278005
2021-12-14,26609019,835101,0,0,26609019
2021-12-15,25887921,884499,0,0,25887921
2021-12-16,27839666,2998337,2900,157702,27997368
2021-12-17,31880310,6592268,6900,378810,32259120
2021-12-20,31507804,2823349,6900,382950,31890754
2021-12-21,31924216,2422289,21900,1182600,33106816
2021-12-22,32224026,4481363,50300,2968203,35192229
2021-12-23,33993692,3804825,50300,2910358,36904050
2021-12-24,36151204,5326763,50300,2907340,39058544
2021-12-27,42539523,10602373,50300,2952610,45492133
2021-12-28,44520581,4187066,15000,857250,45377831
2021-12-29,43277439,3444299,15000,877950,44155389
2021-12-30,42706022,3285462,15000,863550,43569572
2021-12-31,38670795,1272596,15000,870000,39540795
2022-01-04,37648913,6878910,15000,917850,38566763
2022-01-05,41200304,9720028,15000,879750,42080054
2022-01-06,39261553,5938009,15000,936150,40197703
2022-01-07,39436325,7844385,15000,900600,40336925
2022-01-10,71701710,73727025,28700,2067835,73769545
2022-01-11,54833638,16260806,20500,1433360,56266998
2022-01-12,48795880,5634940,20500,1431925,50227805
2022-01-13,47124098,9828337,18100,1278222,48402320
2022-01-14,45479134,10662858,18100,1321119,46800253
2022-01-17,48965769,11392593,3100,227664,49193433
2022-01-18,43757584,5455817,3100,224440,43982024
2022-01-19,44164956,2764843,13100,941890,45106846
2022-01-20,45312088,9176048,16100,1215389,46527477
2022-01-21,41873520,4279621,16800,1243200,43116720
2022-01-24,38825587,3336614,16800,1206744,40032331
2022-01-25,33593016,2693199,13800,966000,34559016
2022-01-26,31857795,1632603,13800,954960,32812755
2022-01-27,31592695,1239838,13800,934260,32526955
2022-01-28,31700471,8201127,13100,875080,32575551
2022-02-07,30529555,2883300,13100,898136,31427691
2022-02-08,29999992,2806480,13100,894730,30894722
2022-02-09,31345308,3966741,10000,691800,32037108
2022-02-10,29529827,3962008,10000,674800,30204627
2022-02-11,28045633,2428015,18007,1186121,29231754
2022-02-14,27734033,2387727,21207,1399662,29133695
2022-02-15,27367788,2305106,18907,1266769,28634557
2022-02-16,27461138,3129733,25607,1750495,29211633
2022-02-17,25577265,3252845,23707,1644080,27221345
2022-02-18,25377202,1272473,19859,1370072,26747274
2022-02-21,27775561,4345223,19459,1313483,29089044
2022-02-22,27600712,1963384,18659,1262655,28863367
2022-02-23,26837383,5729970,20059,1428803,28266186
2022-02-24,28002066,5361019,14559,1021751,29023817
2022-02-25,27411517,1414810,24821,1745165,29156682
2022-02-28,27734075,3398640,24821,1779417,29513492
2022-03-01,28063041,2768929,24921,1779359,29842400
2022-03-02,28839101,3216630,25933,1864583,30703684
2022-03-03,28539297,1927337,26594,1866899,30406196
2022-03-04,26953575,742433,23650,1649824,28603399
2022-03-07,28470323,3205499,29700,1994652,30464975
2022-03-08,26720681,1045127,33100,2159775,28880456
2022-03-09,25637395,1013364,33100,2163747,27801142
2022-03-10,27211582,2703042,29700,1983366,29194948
2022-03-11,27455531,1333871,17756,1196399,28651930
2022-03-14,27790063,1260986,23000,1534100,29324163
2022-03-15,28860253,3529489,23000,1472690,30332943
2022-03-16,23931519,1921969,18200,1188278,25119797
2022-03-17,23617057,956898,16500,1121175,24738232
2022-03-18,21779682,1259536,23492,1667932,23447614
2022-03-21,22501924,1546877,22782,1620939,24122863
2022-03-22,24078704,2914773,24800,1841648,25920352
2022-03-23,26775925,4238145,29600,2248120,29024045
2022-03-24,26112553,851059,27300,2055690,28168243
2022-03-25,26020968,1951904,27500,2029225,28050193
2022-03-28,25805849,1989176,27200,1991040,27796889
2022-03-29,28515058,6355251,26100,2026404,30541462
2022-03-30,29228722,2452377,28200,2153634,31382356
2022-03-31,29022076,3403578,29600,2271208,31293284
2022-04-01,30500989,11503424,23600,1821448,32322437
2022-04-06,35251048,10672067,27200,1981520,37232568
2022-04-07,33538419,1883599,25300,1815781,35354200
2022-04-08,31395654,6747996,26000,1915680,33311334
2022-04-11,30208143,3128668,22600,1623810,31831953
2022-04-12,29779812,2805217,25900,1849260,31629072
2022-04-13,27889416,2219676,26900,1829200,29718616
2022-04-14,28908871,4238620,26150,1786045,30694916
2022-04-15,25656910,1624536,27726,1874278,27531188
2022-04-18,22244125,1124904,29026,2028337,24272462
2022-04-19,24020711,3722469,28926,2163665,26184376
2022-04-20,26527612,4819107,29226,2165939,28693551
2022-04-21,25152797,785370,25626,1805095,26957892
2022-04-22,25330388,1701999,25126,1758820,27089208
2022-04-25,25145675,1605795,27626,1786573,26932248
2022-04-26,23720642,838581,28426,1762412,25483054
2022-04-27,21834562,811197,24900,1639167,23473729
2022-04-28,21916583,1436686,21500,1438350,23354933
2022-04-29,23477143,3516500,12900,881070,24358213
2022-05-05,24727952,3195799,13400,976592,25704544
2022-05-06,22667053,1721475,13100,955252,23622305
2022-05-09,26154026,4980256,12900,946602,27100628
2022-05-10,24523372,1303121,33300,2463867,26987239
2022-05-11,20974247,2998846,36700,2748830,23723077
2022-05-12,21369406,1411837,35800,2676766,24046172
2022-05-13,22293085,5005634,36400,2711800,25004885
2022-05-16,23588781,3316649,37600,2888432,26477213
2022-05-17,23499975,3289540,39500,2930900,26430875
2022-05-18,24039285,2529314,37100,2739464,26778749
2022-05-19,28084600,6303314,31200,2305056,30389656
2022-05-20,28286620,1554591,31600,2310592,30597212
2022-05-23,25835009,1593986,24256,1759045,27594054
2022-05-24,25598198,2271171,24156,1674011,27272209
2022-05-25,25906170,1671497,22056,1530686,27436856
2022-05-26,21059781,2370840,20656,1431461,22491242
2022-05-27,22586563,3275524,20756,1445863,24032426
2022-05-30,23678659,3510603,20456,1456263,25134922
2022-05-31,23334649,5176034,20700,1529730,24864379
2022-06-01,23365565,2139727,18000,1313640,24679205
2022-06-02,24033738,2357102,7100,518300,24552038
2022-06-06,23556569,4732570,200,15030,23571599
2022-06-07,24101367,2090918,1800,135864,24237231
2022-06-08,24180742,3391063,800,60464,24241206
2022-06-09,24210911,2754844,800,59920,24270831
2022-06-10,24440988,4473257,2100,155904,24596892
2022-06-13,23286826,2211590,1900,139726,23426552
2022-06-14,32628494,13649550,1600,127232,32755726
2022-06-15,34149229,7709594,1900,143146,34292375
2022-06-16,34286379,4984734,6300,471051,34757430
2022-06-17,33290888,2841276,6300,473004,33763892
2022-06-20,31034815,1607740,6300,475650,31510465
2022-06-21,30210752,2677249,7644,553120,30763872
2022-06-22,25150671,2647090,8744,636388,25787059
2022-06-23,24563113,2488922,10744,790758,25353871
2022-06-24,24424098,2464683,12444,942260,25366358
2022-06-27,26101287,4401270,11744,896067,26997354
2022-06-28,24927170,2234167,17644,1346237,26273407
2022-06-29,29495229,6061889,17944,1339699,30834928
2022-06-30,32872765,13317871,18944,1561933,34434698
2022-07-01,36805399,7602683,19544,1569188,38374587
2022-07-04,41779855,9095662,19444,1547742,43327597
2022-07-05,43227843,6542123,20444,1622436,44850279
2022-07-06,42913029,4290380,19844,1526202,44439231
2022-07-07,44038471,5819416,20444,1576641,45615112
2022-07-08,43841637,4670511,20244,1517288,45358925
2022-07-11,38734662,3206690,14344,1063751,39798413
2022-07-12,39362513,3055934,10944,799350,40161863
2022-07-13,40295008,2480403,6944,506912,40801920
2022-07-14,40480914,3424262,3700,270840,40751754
2022-07-15,40811536,3194402,4100,290280,41101816
2022-07-18,39957500,3462545,13100,921192,40878692
2022-07-19,36667505,3916799,11900,868462,37535967
2022-07-20,36497859,3118040,11500,854220,37352079
2022-07-21,35795436,2967946,12500,924500,36719936
2022-07-22,34992425,1131350,22800,1672836,36665261
2022-07-25,31381461,675184,22400,1613024,32994485
2022-07-26,30696876,1553680,23000,1666350,32363226
2022-07-27,29967799,906298,22800,1634760,31602559
2022-07-28,28855182,1321457,22800,1689024,30544206
2022-07-29,29341002,1661128,21400,1576110,30917112
2022-08-01,31019927,4447427,16484,1243718,32263645
2022-08-02,31265068,2883690,20300,1500779,32765847
2022-08-03,28637862,2607035,13000,984490,29622352
2022-08-04,26988039,1197620,30384,2363875,29351914
2022-08-05,25616024,1266583,44462,3497826,29113850
2022-08-08,26590076,2258109,54200,4228684,30818760
2022-08-09,25523987,2112176,61600,4842376,30366363
2022-08-10,25016001,2434833,55900,4416100,29432101
2022-08-11,24394987,1986734,50500,3993540,28388527
2022-08-12,22492258,982379,52000,4076800,26569058
2022-08-15,24692945,2748269,48400,3781976,28474921
2022-08-16,29357900,7390895,56200,4348756,33706656
2022-08-17,30038304,1903832,57800,4493372,34531676
2022-08-18,33996155,8109100,57300,4653333,38649488
2022-08-19,35816006,4744388,58100,4822300,40638306
2022-08-22,37239543,2972399,58680,4856357,42095900
2022-08-23,39363352,3928911,60600,4914054,44277406
2022-08-24,40202521,4859663,63024,5005366,45207887
2022-08-25,42854753,17248117,65024,5993262,48848015
2022-08-26,36291074,15915400,62824,5923047,42214121
2022-08-29,39156120,14104964,77224,7714678,46870798
2022-08-30,39457605,10234003,76724,7895667,47353272
2022-08-31,37022724,13238804,87824,8738488,45761212
2022-09-01,35140318,5427972,80583,8070388,43210706
2022-09-02,30969338,2706181,72183,7328740,38298078
2022-09-05,38408975,11749722,79345,8154285,46563260
2022-09-06,36519895,4939683,78883,7944307,44464202
2022-09-07,40847523,10963578,79683,8251971,49099494
2022-09-08,41918640,5560814,73083,7461774,49380414
2022-09-09,49955357,17965286,58483,6367629,56322986
2022-09-13,49770922,12069350,67591,7164646,56935568
2022-09-14,50133026,6668110,80291,8430555,58563581
2022-09-15,49938111,7185693,90047,9184794,59122905
2022-09-16,44730970,3466263,102291,10381514,55112484
2022-09-19,43023804,2662076,89091,8847627,51871431
2022-09-20,42105616,2751089,94991,9499100,51604716
2022-09-21,38461189,993814,105148,10236157,48697346
2022-09-22,36063609,2588593,111191,10999014,47062623
2022-09-23,34501415,1659544,109948,10881553,45382968
2022-09-26,34531608,2624737,87962,8707359,43238967
2022-09-27,35897838,5095144,73691,7442791,43340629
2022-09-28,34237174,3955325,90202,8929998,43167172
2022-09-29,34568709,5017554,78502,8228580,42797289
2022-09-30,30379377,4475970,91402,9393384,39772761
2022-10-10,29475655,3813559,78302,7507596,36983251
2022-10-11,28929865,1653708,70239,6742944,35672809
2022-10-12,29324315,4611728,84077,8229456,37553771
2022-10-13,30741225,3715269,85977,8296782,39038007
2022-10-14,31899701,4401140,100977,10032064,41931765
2022-10-17,33398198,3713087,105577,10420451,43818649
2022-10-18,33447972,3138529,103477,10346665,43794637
2022-10-19,34320814,3423046,97077,9707700,44028514
2022-10-20,39808427,10230786,124439,12132804,51941231
2022-10-21,38935940,1227470,114577,11149488,50085428
2022-10-24,38257298,1246443,104077,10116284,48373582
2022-10-25,38945029,2766366,94718,9201854,48146883
2022-10-26,38904378,3869233,86419,8648812,47553190
2022-10-27,39010435,3727269,83019,8228844,47239279
2022-10-28,44247580,11371838,100413,9157665,53405245
2022-10-31,40958765,1880798,72213,6506391,47465156
2022-11-01,42435332,3591349,104043,9455427,51890759
2022-11-02,40780512,2019001,95005,8740460,49520972
2022-11-03,40006704,1634120,95605,9025111,49031815
2022-11-04,40802142,3866446,92405,8780324,49582466
2022-11-07,42147918,3997264,86843,7965241,50113159
2022-11-08,41683836,1734375,96443,8652867,50336703
2022-11-09,41686373,1734421,89643,8130621,49816994
2022-11-10,40505645,1164683,97343,8751136,49256781
2022-11-11,40338334,1922625,97543,8652065,48990399
2022-11-14,40731389,2793545,98143,8793614,49525003
2022-11-15,40804172,2149447,100143,9062943,49867115
2022-11-16,43840182,4285439,95243,8587110,52427292
2022-11-17,39067087,1615727,96343,8617881,47684968
2022-11-18,36640412,2768114,81743,7029898,43670310
2022-11-21,36190725,2229338,79031,6977646,43168371
2022-11-22,36516424,1848765,57731,4987957,41504381
2022-11-23,39698525,5205862,61231,5344241,45042766
2022-11-24,39395747,1004804,61131,5407036,44802783
2022-11-25,40211348,1517572,55931,4833557,45044905
2022-11-28,39409410,3774439,46931,4223321,43632731
2022-11-29,39109651,2912955,58805,5453575,44563226
2022-11-30,39077143,2340750,57677,5463166,44540309
2022-12-01,43918176,7628618,66636,6094528,50012704
2022-12-02,44995847,3120334,52564,4804350,49800197
2022-12-05,47443269,6061377,48364,4294240,51737509
2022-12-06,53003187,8673077,35964,3236760,56239947
2022-12-07,53990579,4106214,36864,3346883,57337462
2022-12-08,54791380,1908704,39095,3545917,58337297
2022-12-09,54043590,2666775,39695,3685681,57729271
2022-12-12,53993991,2486687,42795,3897769,57891760
2022-12-13,57826414,5307222,42095,3778026,61604440
2022-12-14,55339312,1278628,42995,3870840,59210152
2022-12-15,54750596,998103,48095,4314602,59065198
2022-12-16,53615041,544744,56564,5072660,58687701
2022-12-19,52904486,803492,47664,4212544,57117030
2022-12-20,52398174,168971,58095,5170455,57568629
2022-12-21,52709848,702089,57195,5118381,57828229
2022-12-22,64322434,12186720,64495,5611065,69933499
2022-12-23,95828146,36345167,55779,4683205,100511351
2022-12-26,119117311,25802261,59379,5047215,124164526
2022-12-27,145068271,27047612,47579,4138897,149207168
2022-12-28,182002838,39691555,60838,5321499,187324337
2022-12-29,192196811,11243704,58387,5138640,197335451
2022-12-30,186739650,562134,51087,4449677,191189327
2023-01-03,186990420,913619,51187,4504968,191495388
2023-01-04,187193467,813396,56401,4909143,192102610
2023-01-05,189997870,3804118,66446,5647910,195645780
2023-01-06,185289437,2445370,63252,5552260,190841697
2023-01-09,186393501,2636745,76952,6592478,192985979
2023-01-10,190792417,6256447,81632,7032597,197825014
2023-01-11,191023690,1792538,83083,7104427,198128117
2023-01-12,192990995,2671957,84652,7153096,200144091
2023-01-13,192190673,1516941,75683,6537497,198728170
2023-01-16,207507861,18308080,73702,6266881,213774742
2023-01-17,208096994,7850230,66714,5700712,213797706
2023-01-18,210239934,3990261,65014,5493685,215733619
2023-01-19,212837659,8773445,66515,5639808,218477467
2023-01-20,229904043,20522396,53815,4579119,234483162
2023-01-30,213780963,6918181,54015,4569129,218350092
2023-01-31,233998308,26294459,47015,3850529,237848837
2023-02-01,308636996,85126623,70515,5546710,314183706
2023-02-02,312410837,11650266,62415,4875236,317286073
2023-02-03,325493656,22116681,59515,4572538,330066194
2023-02-06,330379107,11531497,76741,5786271,336165378
2023-02-07,336526761,10578802,82941,6199010,342725771
2023-02-08,328376000,9165705,73041,5519709,333895709
2023-02-09,329398800,7473731,69841,5284170,334682970
2023-02-10,324683089,8632533,63123,4794192,329477281
2023-02-13,328465316,14626714,59523,4549939,333015255
2023-02-14,337704670,18286743,89490,6772603,344477273
2023-02-15,343333034,14737591,98664,7299163,350632197
2023-02-16,333627761,6550438,105464,7730511,341358272
2023-02-17,328660359,4694557,108164,7988993,336649352
2023-02-20,329743229,8594249,101364,7576959,337320188
2023-02-21,324188639,3618766,102164,7733815,331922454
2023-02-22,321509503,6731122,104864,7989588,329499091
2023-02-23,318044467,7005951,105764,8079312,326123779
2023-02-24,315055775,2793488,94764,7138572,322194347
2023-02-27,312840214,3654973,67997,5154173,317994387
2023-02-28,310374866,5015185,61697,4781518,315156384
2023-03-01,306823329,3443643,62497,4869766,311693095
2023-03-02,303264279,3488435,73597,5622075,308886354
2023-03-03,299515984,5308915,76097,5813811,305329795
2023-03-06,292900046,5055578,60297,4510216,297410262
2023-03-07,281179557,4609147,71897,5252076,286431633
2023-03-08,278285316,2530404,73597,5411588,283696904
2023-03-09,276582574,2604993,75297,5571225,282153799
2023-03-10,272419494,4577183,81797,5965456,278384950
2023-03-13,268812438,4536276,71297,5156912,273969350
2023-03-14,269143625,3877873,60922,4342520,273486145
2023-03-15,266850982,2854056,56222,4047984,270898966
2023-03-16,265317947,3041465,68522,4830801,270148748
2023-03-17,261843525,4313483,53722,3887861,265731386
2023-03-20,263936009,5461506,63122,4432427,268368436
2023-03-21,262997875,3290278,62022,4355805,267353680
2023-03-22,264829904,3860074,60522,4243803,269073707
2023-03-23,262879691,1965696,64022,4467455,267347146
2023-03-24,262575366,3544484,66522,4560748,267136114
2023-03-27,252527611,13962243,58822,3925781,256453392
2023-03-28,251687802,3766127,51942,3427653,255115455
2023-03-29,252917637,9477281,58642,3924910,256842547
2023-03-30,247964344,5551452,53598,3733101,251697445
2023-03-31,245951684,5157454,61198,4191451,250143135
2023-04-03,245788178,3099426,64498,4360065,250148243
2023-04-04,244445624,2069555,65478,4354287,248799911
2023-04-06,239279314,3918838,54978,3772041,243051355
2023-04-07,235954766,3022539,53378,3719913,239674679
2023-04-10,240942288,8684730,51378,3605194,244547482
2023-04-11,241987745,2884320,75378,5201836,247189581
2023-04-12,242940681,2587663,67978,4632701,247573382
2023-04-13,242728802,882339,70078,4800343,247529145
2023-04-14,238432300,1855707,77178,5263539,243695839
2023-04-17,233317653,2117157,70578,4864942,238182595
2023-04-18,235793454,4802538,74078,5065453,240858907
2023-04-19,235566428,2580577,72878,4973924,240540352
2023-04-20,233722088,2624989,71978,4806691,238528779
2023-04-21,235030061,3036349,56778,3718959,238749020
2023-04-24,235077778,1503393,48078,3127475,238205253
2023-04-25,235070800,2723726,52578,3367622,238438422
2023-04-26,223631631,1718281,49078,3119888,226751519
2023-04-27,219875388,10956840,56978,4175917,224051305
2023-04-28,215581084,3539939,78678,5830040,221411124
2023-05-04,210095736,2912659,64278,4851060,214946796
2023-05-05,212082932,2959451,55245,4170998,216253930
2023-05-08,212909315,2749045,100545,7603213,220512528
2023-05-09,212851828,2759124,120445,8997241,221849069
2023-05-10,211767660,2149851,155445,11649049,223416709
2023-05-11,211742388,2072827,148845,11078534,222820922
2023-05-12,211560352,706260,148288,10928825,222489177
2023-05-15,210232140,1611039,150388,11261053,221493193
2023-05-16,212968908,3253644,154188,11419163,224388071
2023-05-17,211158168,502566,150988,11218409,222376577
2023-05-18,211995530,2591932,132088,9746773,221742303
2023-05-19,209380965,962301,111488,8202172,217583137
2023-05-22,210630392,3807710,149188,11071242,221701634
2023-05-23,207873471,4802407,168871,13104390,220977861
2023-05-24,204753971,2637756,169971,13257738,218011709
2023-05-25,203206703,2112518,156301,12196167,215402870
2023-05-26,202699387,1165479,164907,12945200,215644587
2023-05-29,191795680,931759,164824,12773860,204569540
2023-05-30,191068014,883143,203524,15874872,206942886
2023-05-31,190245803,1092776,188224,14385960,204631763
2023-06-01,188474402,1170127,102422,8294134,196768536
2023-06-02,188575872,1699399,97724,7848214,196424086
2023-06-05,191407380,4815802,118924,9430673,200838053
2023-06-06,192710635,3975625,145224,11770405,204481040
2023-06-07,193467054,4678419,135124,10638313,204105367
2023-06-08,194260456,3503924,183624,13968278,208228734
2023-06-09,197350531,5270139,168724,12736974,210087505
2023-06-12,201011399,5279458,158524,11860766,212872165
2023-06-13,200527598,859301,160524,11967064,212494662
2023-06-14,197758317,1082707,172256,12552295,210310612
2023-06-15,203246652,6999000,158256,11899269,215145921
2023-06-16,204844837,2781186,145356,10914782,215759619
2023-06-19,209358913,7542297,157856,11997056,221355969
2023-06-20,216840324,12160640,131900,10052099,226892423
2023-06-21,217608510,1469518,162000,12069000,229677510
2023-06-26,212623085,3428437,205100,15509662,228132747
2023-06-27,217014879,6987660,224400,16937712,233952591
2023-06-28,215804997,1437667,252100,19658758,235463755
2023-06-29,214143815,1041387,234200,18155184,232298999
2023-06-30,211051942,4398857,262912,20656996,231708938
2023-07-03,209303784,1453070,242512,19109946,228413730
2023-07-04,198852013,4099684,204612,16456943,215308956
2023-07-05,195309183,335388,203209,16297361,211606544
2023-07-06,195873028,1523881,222609,17688512,213561540
2023-07-07,193109000,1423419,209309,16535411,209644411
2023-07-10,190688708,1268499,206109,16334138,207022846
2023-07-11,179633857,1620976,203109,16287310,195921167
2023-07-12,177758979,678261,168009,13546566,191305545
2023-07-13,173671640,1497286,135209,11033054,184704694
2023-07-14,171370947,862956,161909,13263585,184634532
2023-07-17,171177167,3482962,205512,17289725,188466892
2023-07-18,167861173,1363526,232540,19712416,187573589
2023-07-19,168946784,2632058,235440,19852301,188799085
2023-07-20,169005374,1878266,265840,22335877,191341251
2023-07-21,164185022,932624,261440,22052464,186237486
2023-07-24,160710898,565246,298440,24818270,185529168
2023-07-25,160406999,531171,332812,27447006,187854005
2023-07-26,161841588,1876436,339412,27872513,189714101
2023-07-27,161770223,1710281,324112,25896549,187666772
2023-07-28,162881064,1365705,301512,24386291,187267355
2023-07-31,159555024,1483769,311812,25238063,184793087
2023-08-01,158351761,565741,283757,22845276,181197037
2023-08-02,159779252,1706907,316757,25445090,185224342
2023-08-03,159277680,502429,322957,25739673,185017353
2023-08-04,160394650,1271580,360557,28476792,188871442
2023-08-07,158902700,0,351957,27846837,186749537
2023-08-08,158984048,197053,345557,27395759,186379807
2023-08-09,158954046,191324,342957,27412553,186366599
2023-08-10,159312136,992343,338757,27839050,187151186
2023-08-11,159465242,365806,352657,28917874,188383116
2023-08-14,159426321,558681,326057,26925787,186352108
2023-08-15,159714467,1922274,289938,24169231,183883698
2023-08-16,157972841,625820,296186,24518276,182491117
2023-08-17,157444931,711093,336701,27821604,185266535
2023-08-18,156937411,1077130,328701,27117833,184055244
2023-08-21,158370004,2538395,426101,31991663,190361667
2023-08-22,160387554,3051569,423901,31957897,192345451
2023-08-23,162314643,2875249,427190,31787209,194101852
2023-08-24,164331222,2776824,450761,33942303,198273525
2023-08-25,166422090,3244884,439261,33076353,199498443
2023-08-28,174533063,9836321,416161,30800075,205333138
2023-08-29,179543598,8698274,423461,32068701,211612299
2023-08-30,185318292,6994323,392680,30043947,215362239
2023-08-31,192231660,7521185,372080,27991578,220223238
2023-09-01,203929163,13191990,347080,26378080,230307243
2023-09-04,207044137,4106475,384980,29181484,236225621
2023-09-05,211115262,7157709,370380,28259994,239375256
2023-09-06,230460698,22612720,341180,25929680,256390378
2023-09-07,231455472,4402826,320080,23554686,255010158
2023-09-08,229895452,1011582,311780,22625875,252521327
2023-09-11,232283991,3244938,337080,24606840,256890831
2023-09-12,233067395,1595452,363180,25931052,258998447
2023-09-13,230146645,874344,354880,25278102,255424747
2023-09-14,230022821,389120,316180,22265396,252288217
2023-09-15,230412713,674697,309180,21642600,252055313
2023-09-18,231484481,3135156,320865,22178189,253662670
2023-09-19,231407713,688196,340465,23355899,254763612
2023-09-20,229351814,2752009,316853,22540922,251892736
2023-09-21,222226919,525544,309904,21789351,244016270
2023-09-22,211784430,1665886,310708,22868109,234652539
2023-09-25,212455805,1710020,295508,21622321,234078126
2023-09-26,213761800,2252079,270408,19561314,233323114
2023-09-27,219079991,6008871,313008,22361291,241441282
2023-09-28,220196580,1672642,303708,21715122,241911702
2023-10-09,220039580,1793588,313008,21813527,241853107
2023-10-10,219423914,839404,311408,21365703,240789617
2023-10-11,220070726,1337768,254208,17141245,237211971
2023-10-12,219391759,599239,247708,16938272,236330031
2023-10-13,217070300,1140548,249108,16931872,234002172
2023-10-16,216182831,1787469,264808,18221439,234404270
2023-10-17,215118499,785027,267508,18639957,233758456
2023-10-18,216139892,1449930,282908,19379198,235519090
2023-10-19,213277371,523159,287508,19464292,232741663
2023-10-20,212725598,428055,333308,22304972,235030570
2023-10-23,214334047,4749562,445608,28719436,243053483
2023-10-24,210861327,794501,545208,35934660,246795987
2023-10-25,209706782,470693,543708,35232278,244939060
2023-10-26,208547895,582221,535708,34671023,243218918
2023-10-27,205495982,1069765,547588,37361928,242857910
2023-10-30,202778622,3205905,559288,40548380,243327002
2023-10-31,208680007,8595299,532588,36801831,245481838
2023-11-01,209692284,2035386,458988,31578374,241270658
2023-11-02,211108255,1818619,330188,22343823,233452078
2023-11-03,211365361,3292987,177808,12410998,223776359
2023-11-06,210516977,2202055,179008,12774011,223290988
2023-11-07,210432639,1175237,186708,13349622,223782261
2023-11-08,208966958,333389,186508,13277504,222244462
2023-11-09,208691221,778097,194308,13747291,222438512
2023-11-10,204541190,533751,183008,12828861,217370051
2023-11-13,213094156,9247928,191208,13948624,227042780
2023-11-14,215953286,4375520,185608,13644044,229597330
2023-11-15,209883947,842425,188368,14289596,224173543
2023-11-16,209487125,388947,191668,14348266,223835391
2023-11-17,209542641,735950,187588,14491173,224033814
2023-11-20,209639144,1018560,200388,15365752,225004896
2023-11-21,209639806,857034,207188,15781510,225421316
2023-11-22,210949177,1709744,198798,14927742,225876919
2023-11-23,211182012,2436042,193798,14788725,225970737
2023-11-24,206034875,587008,195538,14786585,220821460
2023-11-27,205162689,90617,205538,15489344,220652033
2023-11-28,205350037,715154,204338,15345784,220695821
2023-11-29,205857366,1187130,203938,15264760,221122126
2023-11-30,206460306,1609072,202638,15258641,221718947
2023-12-01,206688084,881485,194438,14485631,221173715
2023-12-04,207410795,1110815,183538,13583647,220994442
2023-12-05,207360671,388833,183338,13385507,220746178
2023-12-06,205922987,405408,186139,13694247,219617234
2023-12-07,205680077,910537,206138,15046013,220726090
2023-12-08,203086375,1425211,203638,14810591,217896966
2023-12-11,202858052,590913,198638,14623731,217481783
2023-12-12,203949547,2391304,196438,13947098,217896645
2023-12-13,204154803,986673,198738,13836141,217990944
2023-12-14,204940239,4561380,215338,15616313,220556552
2023-12-15,207099420,3634875,223433,15774370,222873790
2023-12-18,207128029,581187,223433,15519657,222647686
2023-12-19,209276996,4384891,291333,19982530,229259526
2023-12-20,210449811,1440401,322833,21984928,232434739
2023-12-21,210270361,939346,323133,22015050,232285411
2023-12-22,210641350,906488,325833,22645394,233286744
2023-12-25,213169870,3643279,327933,22561790,235731660
2023-12-26,214135109,1896471,235533,16183472,230318581
2023-12-27,214128159,2281246,251033,17160616,231288775
2023-12-28,220317835,7156034,236433,16477016,236794851
2023-12-29,226283791,9575135,223333,15633310,241917101
2024-01-02,229204372,3777077,215033,14908237,244112609
2024-01-03,227957383,296756,221633,15321488,243278871
2024-01-04,227467774,1251248,213233,14612856,242080630
2024-01-05,225152250,116638,225033,15527277,240679527
2024-01-08,216283404,2910740,239433,15972575,232255979
2024-01-09,214059214,353179,252833,17106682,231165896
2024-01-10,214224519,567769,256033,17269427,231493946
2024-01-11,213394899,1539205,269333,18080323,231475222
2024-01-12,213094638,86985,266133,17897445,230992083
2024-01-15,212752628,66800,269433,17998124,230750752
2024-01-16,212715439,59916,267833,17792146,230507585
2024-01-17,208487802,204035,275033,17778133,226265935
2024-01-18,207653754,1823811,274433,17588411,225242165
2024-01-19,209387165,2064740,278033,17516079,226903244
2024-01-22,205714713,1708340,256033,15328697,221043410
2024-01-23,206481031,1431894,300033,17911971,224393002
2024-01-24,205185249,405139,282433,16748277,221933526
2024-01-25,202088220,315450,280433,16870850,218959070
2024-01-26,203852713,1977952,268633,15943369,219796082
2024-01-29,198764174,688762,263533,15311268,214075442
2024-01-30,197336124,1209740,266133,15089742,212425866
2024-01-31,196638586,1563158,252333,13625982,210264568
2024-02-01,195267508,1003018,263633,14447088,209714596
2024-02-02,191974526,736259,307933,17031774,209006300
2024-02-05,193272826,2780081,299833,17666161,210938987
2024-02-06,193311847,4107105,368633,22648811,215960658
2024-02-07,191795191,2589679,385633,24564823,216360014
2024-02-08,191696123,4462342,311633,20567778,212263901
2024-02-19,190217779,1683728,246733,16119066,206336845
2024-02-20,189663543,537787,256633,16688843,206352386
2024-02-21,189865002,686434,267153,17327544,207192546
2024-02-22,189881090,599438,229853,14832413,204713503
2024-02-23,189724414,314620,148153,9618093,199342507
2024-02-26,190200330,1438969,142553,9116265,199316595
2024-02-27,192020804,2284853,143553,9356784,201377588
2024-02-28,192221177,999843,148553,9574242,201795419
2024-02-29,192000239,713480,160053,10430654,202430893
2024-03-01,190601994,849091,152858,10252186,200854180
2024-03-04,189950555,336610,154758,10616399,200566954
2024-03-05,189363145,671573,163758,11564591,200927736
2024-03-06,190672374,1715678,168658,11676193,202348567
2024-03-07,190331910,459791,217158,14983902,205315812
2024-03-08,189947038,279403,226258,15881049,205828087
2024-03-11,191366944,1766432,241458,16696821,208063765
2024-03-12,191252079,1042660,234858,16061939,207314018
2024-03-13,191669849,933210,190558,12881721,204551570
2024-03-14,193150526,3442543,190458,12762590,205913116
2024-03-15,193429832,1288850,178858,12416323,205846155
2024-03-18,192868705,872481,178458,12518829,205387534
2024-03-19,193197651,1911561,187158,13320035,206517686
2024-03-20,196604907,4288392,182658,12767794,209372701
2024-03-21,196521886,704729,186258,12637606,209159492
2024-03-22,195898256,1137227,188058,12669468,208567724
2024-03-25,196375005,1024929,190358,12643579,209018584
2024-03-26,196291019,407101,183558,12267181,208558200
2024-03-27,195840573,139828,181858,11940797,207781370
2024-03-28,197093832,1499832,181758,11946953,209040785
2024-03-29,199669468,3066199,173758,11572283,211241751
2024-04-01,198881366,428208,179658,12141287,211022653
2024-04-02,207728436,11574904,241558,14669817,222398253
2024-04-03,208774029,7284047,205358,12046301,220820330
2024-04-08,208545354,2308323,202258,11540842,220086196
2024-04-09,210055376,3184781,227158,13068399,223123775
2024-04-10,208712052,2121726,223558,12675739,221387791
2024-04-11,210062173,3932149,223758,12624427,222686600
2024-04-12,209652480,3585090,188958,10336003,219988483
2024-04-15,208530279,2838651,194858,10450234,218980513
2024-04-16,209000366,1710640,184958,9640012,218640378
2024-04-17,212624248,8815539,179258,9339342,221963590
2024-04-18,210793526,3489585,174058,9122380,219915906
2024-04-19,208335627,2093342,178558,9722484,218058111
2024-04-22,208944893,2275717,170058,9225647,218170540
2024-04-23,210226365,3089877,176558,9357574,219583939
2024-04-24,208906293,2118436,181358,10023657,218929950
2024-04-25,208925641,2778318,177358,9898350,218823991
2024-04-26,210730727,4828859,148428,8543516,219274243
2024-04-29,210635362,5369464,165328,9569184,220204546
2024-04-30,209918659,1919976,181828,10527841,220446500
2024-05-06,209199574,1548961,159280,9628476,218828050
2024-05-07,207767444,1464337,162180,9738909,217506353
2024-05-08,207788631,2600597,161380,9287419,217076050
2024-05-09,208514584,3120758,161080,9141290,217655874
2024-05-10,209880586,2732276,158280,8797202,218677788
2024-05-13,211817461,3765670,146680,8255150,220072611
2024-05-14,211640289,2684052,152080,8527126,220167415
2024-05-15,208763021,863724,160580,9002115,217765136
2024-05-16,208086950,1006602,169480,9456984,217543934
2024-05-17,207904455,1776314,167680,9400141,217304596
2024-05-20,208875348,4172998,169080,9208097,218083445
2024-05-21,208394977,1289075,166780,8902716,217297693
2024-05-22,209667128,3185749,172080,9264787,218931915
2024-05-23,210226890,2827149,176080,9207223,219434113
2024-05-24,210180568,1314571,176880,9346339,219526907
2024-05-27,213864942,5126610,188280,9848927,223713869
2024-05-28,213566295,557277,180580,9408218,222974513
2024-05-29,212510968,638304,180680,9471246,221982214
2024-05-30,211890707,534158,199880,10399756,222290463
2024-05-31,211715296,1697516,197976,10160129,221875425
2024-06-03,212885879,3164822,208076,10605634,223491513
2024-06-04,213355339,1361589,211976,10870129,224225468
2024-06-05,214740519,2347119,216176,10919050,225659569
2024-06-06,217228060,3760700,199576,9980796,227208856
2024-06-07,218694433,2789786,195076,9822077,228516510
2024-06-11,219009039,3162622,216476,11083571,230092610
2024-06-12,225139995,7127270,219176,10965375,236105370
2024-06-13,225900125,2155970,208476,10236172,236136297
2024-06-14,229226638,4622346,207776,10058436,239285074
2024-06-17,229884909,1493374,163076,7855371,237740280
2024-06-18,230580271,1577854,162176,7802288,238382559
2024-06-19,230993703,2537446,161376,7565306,238559009
2024-06-20,229478438,1261365,178676,8236964,237715402
2024-06-21,231525240,3096133,204976,9275164,240800404
2024-06-24,233541735,2771418,174976,7691945,241233680
2024-06-25,233405245,1077980,158576,6929771,240335016
2024-06-26,234022273,2193780,171076,7559848,241582121
2024-06-27,233994080,1449735,179076,7736083,241730163
2024-06-28,232904152,1276505,189376,8434807,241338959
2024-07-01,195545575,1259278,196776,8709306,204254881
2024-07-02,195151684,1719883,204376,8794299,203945983
2024-07-03,195042818,732347,211076,8991838,204034656
2024-07-04,191539428,513321,212776,8808926,200348354
2024-07-05,192390050,1967017,211276,8632738,201022788
2024-07-08,191925315,768497,212276,8459199,200384514
2024-07-09,191167041,1084793,225576,8835812,200002853
2024-07-10,189338265,1332862,220576,8549526,197887791
2024-07-11,190517340,2541909,208776,8221598,198738938
2024-07-12,186214129,1305003,214976,8319571,194533700
2024-07-15,186652715,2370601,200576,7621888,194274603
2024-07-16,187105253,1635114,185076,6888529,193993782
2024-07-17,187515824,1277529,191576,7090228,194606052
2024-07-18,188085983,3246478,184276,7066985,195152968
2024-07-19,187439796,1121220,183776,7202181,194641977
2024-07-22,187675252,1244437,161073,6231914,193907166
2024-07-23,188150737,1130720,152496,5672851,193823588
2024-07-24,187251544,335920,152496,5659127,192910671
2024-07-25,187153676,1075076,155896,5910017,193063693
2024-07-26,186989551,909600,144396,5541918,192531469
2024-07-29,187136042,621449,134696,5086121,192222163
2024-07-30,187116748,784668,144264,5450294,192567042
2024-07-31,188289915,2619687,149264,5864583,194154498
2024-08-01,188392214,1702311,152664,5876037,194268251
2024-08-02,189300795,1841261,142164,5423556,194724351
2024-08-05,187967544,2199712,126064,4903889,192871433
2024-08-06,188235532,2378308,116364,4673178,192908710
2024-08-07,188163753,1535897,90664,3603894,191767647
2024-08-08,187359544,1327416,87664,3529353,190888897
2024-08-09,187775353,944926,80796,3175283,190950636
2024-08-12,186033108,942145,72396,2824168,188857276
2024-08-13,185361175,826110,76096,2948720,188309895
2024-08-14,184877909,361459,79696,3064311,187942220
2024-08-15,185769047,1707126,72096,2787952,188556999
2024-08-16,185907827,1523463,66896,2546731,188454558
2024-08-19,185408933,354999,63296,2405248,187814181
2024-08-20,185493295,554773,62396,2343594,187836889
2024-08-21,185404263,668194,60396,2259414,187663677
2024-08-22,185502508,688451,64296,2396312,187898820
2024-08-23,186543999,1738170,60196,2224844,188768843
2024-08-26,186461184,732564,50596,1836635,188297819
2024-08-27,186343100,353070,44596,1621511,187964611
2024-08-28,182544836,573048,43196,1587453,184132289
2024-08-29,182914862,776872,39896,1479344,184394206
2024-08-30,182729707,1215157,38396,1476710,184206417
2024-09-02,182661089,934791,39796,1511054,184172143
2024-09-03,182450667,788979,37396,1437876,183888543
2024-09-04,182435603,654445,41996,1622305,184057908
2024-09-05,182204550,762651,32796,1283635,183488185
2024-09-06,182512294,798729,31396,1207490,183719784
2024-09-09,182639893,703337,31996,1224807,183864700
2024-09-10,182294451,495872,32896,1278996,183573447
2024-09-11,182499580,777996,30796,1196425,183696005
2024-09-12,182372846,472997,33096,1274527,183647373
2024-09-13,182335697,565644,30696,1168904,183504601
2024-09-18,182303919,191230,26796,1027091,183331010
2024-09-19,183493716,2704049,27296,1049531,184543247
2024-09-20,182142429,659924,27596,1045612,183188041
2024-09-23,181082115,482949,25496,966553,182048668
2024-09-24,180825761,3126932,28996,1163320,181989081
2024-09-25,181080204,3951127,29496,1161552,182241756
2024-09-26,181224846,2510896,29296,1208460,182433306
2024-09-27,184406125,9422258,29996,1409812,185815937
2024-09-30,189406460,19169497,18800,999032,190405492
2024-10-08,192266671,22391271,14900,831569,193098240
2024-10-09,192385380,8238175,32800,1605560,193990940
2024-10-10,192587020,8824574,22900,1090498,193677518
2024-10-11,193389176,6363486,23500,1057735,194446911
2024-10-14,193561979,4795482,25600,1164800,194726779
2024-10-15,191490227,4563196,23000,1028100,192518327
2024-10-16,192106312,4213708,23300,1053859,193160171
2024-10-17,191244857,2155186,24900,1117014,192361871
2024-10-18,188095476,4262557,25000,1177250,189272726
2024-10-21,186446671,3232702,24000,1121040,187567711
2024-10-22,185046137,2218814,20400,952068,185998205
2024-10-23,186217452,4177068,21100,994865,187212317
2024-10-24,187193362,2862040,19700,925900,188119262
2024-10-25,188108539,4547488,19600,930412,189038951
2024-10-28,202622454,21947271,33400,1646620,204269074
2024-10-29,204780350,11955990,24500,1162280,205942630
2024-10-30,202423050,7222208,11500,541075,202964125
2024-10-31,198434023,1526017,12500,590625,199024648
2024-11-01,196957933,3443283,12500,585750,197543683
2024-11-04,195335568,955995,12500,603250,195938818
2024-11-05,215480487,25543248,16000,815840,216296327
2024-11-06,226364644,21242119,15700,799287,227163931
2024-11-07,225884932,5861216,16900,873054,226757986
2024-11-08,214401229,7444003,17400,908280,215309509
2024-11-11,198080260,7074863,17600,926640,199006900
2024-11-12,198614210,4275106,17400,890880,199505090
2024-11-13,192131872,2630709,9300,475137,192607009
2024-11-14,192794077,3283724,13500,682425,193476502
2024-11-15,191547499,2555572,23500,1174295,192721794
2024-11-18,190825795,1773877,23500,1170300,191996095
2024-11-19,188147128,4225069,22800,1183320,189330448
2024-11-20,189603491,4182841,23600,1217760,190821251
2024-11-21,190225499,2549439,22800,1156416,191381915
2024-11-22,190919110,3696043,22800,1114692,192033802
2024-11-25,191178017,1791615,22900,1144313,192322330
2024-11-26,190380010,1119795,24000,1195920,191575930
2024-11-27,191459382,3158942,23100,1184799,192644181
2024-11-28,188562728,2974075,28200,1442430,190005158
2024-11-29,182110971,5351240,28200,1450608,183561579
2024-12-02,180426991,5675426,27600,1404840,181831831
2024-12-03,180476328,4613233,22800,1159380,181635708
2024-12-04,180266707,2000739,23900,1199780,181466487
2024-12-05,179109092,1438286,23900,1209340,180318432
2024-12-06,179410621,4351856,23900,1216271,180626892
2024-12-09,180387347,2706463,24700,1249079,181636426
2024-12-10,183514285,7077332,24200,1217986,184732271
2024-12-11,184498919,3603910,13000,650390,185149309
2024-12-12,184824290,3337653,12300,617829,185442119
2024-12-13,184399040,3338411,12300,598518,184997558
2024-12-16,186728017,3679970,11800,572536,187300553
2024-12-17,186411278,2821139,16800,809592,187220870
2024-12-18,185240581,907952,16800,811776,186052357
2024-12-19,185375980,3577618,22300,1065940,186441920
2024-12-20,185993138,2263674,22100,1051297,187044435
2024-12-23,185300857,1637984,21400,995314,186296171
2024-12-24,184875384,1264231,21700,1009701,185885085
2024-12-25,185339171,1982528,14500,679325,186018496
2024-12-26,185405573,3586541,14800,716172,186121745
2024-12-27,174950268,6221337,21800,1073214,176023482
2024-12-30,173692980,2904527,21800,1063404,174756384
2024-12-31,173032908,1985591,22200,1081584,174114492
2025-01-02,174173963,5592223,24200,1118524,175292487
2025-01-03,174568264,3419883,24900,1139175,175707439
2025-01-06,180806425,8112082,23200,1057920,181864345
2025-01-07,183683180,5086008,20700,932535,184615715
2025-01-08,184875651,3572803,20400,915756,185791407
2025-01-09,184750037,781312,31600,1415996,186166033
2025-01-10,184738558,1882102,30300,1357743,186096301
2025-01-13,183187148,2592857,30400,1389888,184577036
2025-01-14,182230610,2427975,29800,1419076,183649686
2025-01-15,182532537,3194354,24000,1116480,183649017
2025-01-16,177897114,3375087,30600,1391688,179288802
2025-01-17,174131312,1475687,30900,1436232,175567544
2025-01-20,174206229,3296312,30600,1407600,175613829
2025-01-21,172948463,1652635,25600,1181952,174130415
2025-01-22,172655625,1018763,20700,951993,173607618
2025-01-23,172910321,2341836,13200,609972,173520293
2025-01-24,173612823,2820133,13300,631750,174244573
2025-01-27,172556325,5578452,14900,728461,173284786
2025-02-05,174377174,3553917,22600,1105140,175482314
2025-02-06,175189621,2915800,25800,1248720,176438341
2025-02-07,183111846,13307839,25500,1240320,184352166
2025-02-10,184765222,5375307,30500,1451190,186216412
2025-02-11,185766470,4373517,25500,1224000,186990470
2025-02-12,186337668,3493171,22400,1076096,187413764
2025-02-13,187199887,5346075,17900,854904,188054791
2025-02-14,187590608,2108873,23400,1117584,188708192
2025-02-17,174287846,3037118,23300,1099294,175387140
2025-02-18,174313663,6878265,22100,1090856,175404519
2025-02-19,180473192,11101311,22100,1097265,181570457
2025-02-20,184161292,9129108,6600,329340,184490632
2025-02-21,183694048,3233880,6200,313720,184007768
2025-02-24,185312266,11453702,10600,572400,185884666
2025-02-25,185484920,6526815,21552,1152601,186637521
2025-02-26,187376728,10106512,15000,783000,188159728
2025-02-27,182270951,3323835,15600,814008,183084959
2025-02-28,175663431,4636525,15600,799656,176463087
2025-03-03,173026199,4436208,16500,829620,173855819
2025-03-04,178716202,8830681,14100,713460,179429662
2025-03-05,181104855,5472418,12800,657280,181762135
2025-03-06,176826992,1501427,14400,742464,177569456
2025-03-07,186285693,13927482,14300,757900,187043593
2025-03-10,188325043,3354374,15500,824290,189149333
2025-03-11,188705156,7133666,15700,838066,189543222
2025-03-12,186472806,1871495,13500,706995,187179801
2025-03-13,186691325,6771890,15600,849264,187540589
2025-03-14,198625690,15302945,16800,924504,199550194
2025-03-17,210235920,15442082,12700,702945,210938865
2025-03-18,209942333,6286315,24600,1388670,211331003
2025-03-19,209464458,3706883,20700,1148850,210613308
2025-03-20,212516227,4261645,24300,1317060,213833287
2025-03-21,211929309,8765015,24600,1377354,213306663
2025-03-24,229939982,24243725,27700,1619065,231559047
2025-03-25,234438789,14647710,26900,1582258,236021047
2025-03-26,213350256,7655225,27900,1623780,214974036
2025-03-27,215231114,8271094,25400,1466850,216697964
2025-03-28,215291376,2869727,24800,1401200,216692576
2025-03-31,212987153,2772908,26000,1450280,214437433
2025-04-01,211691626,2622082,26000,1456260,213147886
2025-04-02,205781319,1615002,25200,1432368,207213687
2025-04-03,193566649,2880618,25400,1413256,194979905
2025-04-07,179545639,5708667,25300,1303203,180848842
2025-04-08,178078325,5037296,26300,1443344,179521669
2025-04-09,174513893,12434393,27300,1468467,175982360
2025-04-10,177766612,8036049,27900,1539801,179306413
2025-04-11,173889498,1935454,25300,1394789,175284287
2025-04-14,173458487,2216231,24300,1325322,174783809
2025-04-15,167982022,2410620,21400,1178712,169160734
2025-04-16,166264154,4114978,22400,1264480,167528634
2025-04-17,167397445,4200004,23600,1315464,168712909
2025-04-18,168079689,3428364,24200,1311640,169391329
2025-04-21,170640239,5425056,22800,1276800,171917039
2025-04-22,186285250,22030976,23600,1381072,187666322
2025-04-23,180368211,10471880,23300,1335789,181704000
2025-04-24,185627704,15718020,23500,1409765,187037469
2025-04-25,174098404,12658566,21700,1187424,175285828
2025-04-28,168022614,6798510,22800,1211136,169233750
2025-04-29,171617734,6154002,24100,1265250,172882984
2025-04-30,170048163,3999012,23000,1211410,171259573
2025-05-06,167238034,2289807,21100,1134336,168372370
2025-05-07,164380467,3485335,18200,983346,165363813
2025-05-08,166753137,6238930,17900,950490,167703627
2025-05-09,165170850,1571558,19700,1055526,166226376
2025-05-12,165554420,4734392,18200,984074,166538494
2025-05-13,164351935,2305481,18400,997464,165349399
2025-05-14,164768637,3072444,20600,1100452,165869089
2025-05-15,164109614,992454,20300,1079960,165189574
2025-05-16,163755849,3855653,20900,1112298,164868147
2025-05-19,166256217,3497723,20100,1075953,167332170
2025-05-20,168052713,5115043,21100,1141510,169194223
2025-05-21,167081563,4467333,22300,1246124,168327687
2025-05-22,168343888,4467123,20200,1101708,169445596
2025-05-23,170229232,4305531,20300,1103305,171332537
2025-05-26,169572074,1681881,19900,1066640,170638714
2025-05-27,173863848,12622524,20700,1152576,175016424
2025-05-28,182736377,22201409,21600,1226664,183963041
2025-05-29,182399790,11839609,25200,1384740,183784530
2025-05-30,176765532,7419436,23200,1278088,178043620
2025-06-03,175687784,4541667,22200,1213896,176901680
2025-06-04,175642037,4876455,21200,1148828,176790865
2025-06-05,188582066,23445195,22500,1289475,189871541
2025-06-06,187685191,5843353,22500,1314675,188999866
2025-06-09,188735609,9127495,23100,1370523,190106132
2025-06-10,188904542,5509509,26500,1533820,190438362
2025-06-11,198294345,13951708,25800,1474470,199768815
2025-06-12,198975372,3708959,26000,1477580,200452952
2025-06-13,212568928,18970811,24200,1349634,213918562
2025-06-16,213317098,5328546,24000,1351680,214668778
2025-06-17,218577119,14159674,24500,1429330,220006449
2025-06-18,219396218,6911989,25000,1417000,220813218
2025-06-19,216316010,6488592,23200,1329128,217645138
2025-06-20,221903390,13214250,23900,1384527,223287917
2025-06-23,221435417,8597827,22500,1293300,222728717
2025-06-24,211092251,5396463,23800,1411102,212503353
2025-06-25,223725540,17074509,24500,1423450,225148990
2025-06-26,209858939,8323449,25200,1479240,211338179
2025-06-27,206885704,6920122,24000,1407600,208293304
2025-06-30,199036973,4416290,24000,1424160,200461133
2025-07-01,204683368,10398967,23400,1382238,206065606
2025-07-02,206698552,6439545,21500,1256890,207955442
2025-07-03,206832742,5697292,21200,1234052,208066794
2025-07-04,199865438,15031315,19400,1085430,200950868
2025-07-07,194259927,3409354,20400,1164024,195423951
2025-07-08,196672318,7031921,21500,1238400,197910718
2025-07-09,188830961,2934008,20000,1158600,189989561
2025-07-10,195288075,12361271,20700,1207845,196495920
2025-07-11,196347801,7422551,19200,1125120,197472921
2025-07-14,196686721,6977967,19100,1137787,197824508
2025-07-15,185718004,8257419,20900,1227457,186945461
2025-07-16,182514002,8498710,20000,1208600,183722602
2025-07-17,184210331,8845179,21100,1285623,185495954
2025-07-18,185717609,8285770,21600,1331424,187049033
2025-07-21,184913055,8706374,21300,1350420,186263475
2025-07-22,180756050,6485109,20900,1322343,182078393
2025-07-23,183010111,8246633,20400,1286832,184296943
2025-07-24,179487217,4073605,21300,1354467,180841684
2025-07-25,186917419,13197469,20500,1342340,188259759
2025-07-28,186133118,15408689,20800,1363024,187496142
2025-07-29,191113452,14131138,21200,1391144,192504596
2025-07-30,193778190,11812482,9800,633178,194411368
2025-07-31,189738175,9340834,20000,1267000,191005175
2025-08-01,188364175,4538722,21200,1346412,189710587
2025-08-04,185372666,4321434,21700,1410283,186782949
2025-08-05,184875762,4069615,21700,1410717,186286479
2025-08-06,182285693,3869672,14000,919520,183205213
2025-08-07,178677241,2489409,19500,1282125,179959366
2025-08-08,174840589,5472282,19800,1318482,176159071
2025-08-11,184428108,19770897,19700,1307883,185735991
2025-08-12,179961993,5084661,20300,1370250,181332243
2025-08-13,183929562,8971773,20200,1365520,185295082
2025-08-14,183051035,7050361,20400,1366596,184417631
2025-08-15,180970051,9376128,20700,1387107,182357158
2025-08-18,183813638,13583207,20200,1354612,185168250
2025-08-19,187962234,12068073,20400,1360680,189322914
2025-08-20,187786545,10977506,19900,1363150,189149695
2025-08-21,194052423,12818547,21900,1509786,195562209
2025-08-22,194873596,29156982,24700,1788527,196662123
2025-08-25,194916901,20642094,23700,1719909,196636810
2025-08-26,187274104,12569491,24600,1855578,189129682
2025-08-27,183424092,8770068,23300,1705560,185129652
2025-08-28,183789039,12314637,25000,1940500,185729539
2025-08-29,182249015,12220619,24900,1938465,184187480
2025-09-01,182577402,9901854,25500,2041020,184618422
2025-09-02,185425327,13926554,28600,2276560,187701887
2025-09-03,195353472,17416790,27400,2100484,197453956
2025-09-04,196545367,9792284,24800,1880336,198425703
2025-09-05,197658025,10256625,19900,1521156,199179181
2025-09-08,190923207,7570449,21200,1677344,192600551
2025-09-09,190312333,7013953,18800,1482944,191795277
2025-09-10,188478042,6804729,20600,1592380,190070422
2025-09-11,185329022,5440830,20700,1617705,186946727
2025-09-12,182403720,3361751,20000,1555600,183959320
2025-09-15,180617520,2884966,20300,1560867,182178387
2025-09-16,182458505,6379154,22500,1741275,184199780
2025-09-17,183488122,6224972,22500,1740150,185228272
2025-09-18,182949274,3375942,19200,1479552,184428826
2025-09-19,186312788,5768614,19500,1506570,187819358
2025-09-22,187915549,8806967,19200,1440384,189355933
2025-09-23,191313286,9646090,15300,1130976,192444262
2025-09-24,187882760,5863098,13500,1036395,188919155
2025-09-25,188705445,6019518,12400,943020,189648465
2025-09-26,200683428,21870018,11600,884964,201568392
2025-09-29,204396479,7420586,12000,939120,205335599
2025-09-30,203120993,10192737,11600,926376,204047369
2025-10-09,204196182,10521235,16200,1291626,205487808
2025-10-10,201203826,8348788,15400,1246630,202450456
2025-10-13,196483433,5890270,19700,1634115,198117548
2025-10-14,199334674,9847569,19800,1619046,200953720
2025-10-15,201857368,8910587,20400,1631388,203488756
2025-10-16,195446560,3504785,20500,1648610,197095170
2025-10-17,194445302,4743405,18700,1464397,195909699
2025-10-20,195718946,5643673,18900,1459269,197178215
2025-10-21,193483009,2524178,19100,1493238,194976247
2025-10-22,194346223,3599526,18800,1467904,195814127
2025-10-23,190195100,6524660,18700,1472064,191667164
2025-10-24,206412356,27622958,20200,1547320,207959676
2025-10-27,201650710,6136649,17200,1304620,202955330
2025-10-28,202395472,8503039,17500,1323350,203718822
2025-10-29,198260633,6219129,18600,1450800,199711433
2025-10-30,200772138,6917309,16100,1204119,201976257
2025-10-31,201939369,7471123,16100,1192849,203132218
2025-11-03,206491170,13344611,16000,1173600,207664770
2025-11-04,195773968,8612875,16000,1148800,196922768
2025-11-05,193553064,6338524,15300,1090431,194643495
2025-11-06,192042007,4908817,15200,1094552,193136559
2025-11-07,193238610,6340180,15500,1113675,194352285
2025-11-10,186975134,4791729,15700,1150810,188125944
2025-11-11,187619313,4882546,15900,1158951,188778264
2025-11-12,187305324,3398235,16900,1230320,188535644
2025-11-13,187099944,4955306,15700,1149397,188249341
2025-11-14,186171209,1697218,16600,1200180,187371389
2025-11-17,184968563,5727007,16800,1198512,186167075
2025-11-18,184508772,3424180,17100,1217178,185725950
2025-11-19,182272581,2803892,16600,1183414,183455995
2025-11-20,183482947,3816688,16600,1168142,184651089
2025-11-21,181084962,3173025,16600,1158514,182243476
2025-11-24,188413026,11754308,16900,1192295,189605321
2025-11-25,191068734,5705624,16000,1153440,192222174
2025-11-26,196142776,7419302,15700,1117840,197260616
2025-11-27,199577414,6202356,15700,1108734,200686148
2025-11-28,201690305,3504696,15700,1113130,202803435
2025-12-01,202420513,4970868,15300,1084464,203504977
2025-12-02,199067731,4583073,15600,1112124,200179855
2025-12-03,198554006,8376354,15700,1134953,199688959
2025-12-04,197041497,2953069,15700,1126475,198167972
2025-12-05,197811859,6885346,15700,1151752,198963611
2025-12-08,203760047,10630642,16700,1182360,204942407
2025-12-09,202921765,5882972,16600,1184742,204106507
2025-12-10,200695781,4142109,16300,1160723,201856504
2025-12-11,199829518,1600420,16300,1155670,200985188
2025-12-12,195747818,1334495,16500,1179750,196927568
2025-12-15,197241348,2876527,20000,1426000,198667348
2025-12-16,195561305,1703022,19900,1409915,196971220
2025-12-17,187868767,2488354,22500,1651050,189519817
2025-12-18,189313184,4646971,20600,1484024,190797208
2025-12-19,190413810,8338853,21700,1594082,192007892
2025-12-22,195011035,6822215,21400,1533738,196544773
2025-12-23,195729152,3133510,22500,1615275,197344427
2025-12-24,194582058,4079774,24800,1801472,196383530
2025-12-25,194151892,5630448,25000,1825000,195976892
2025-12-26,205656199,16052146,28000,1960280,207616479
2025-12-29,215954193,16992704,27600,1824360,217778553
2025-12-30,207923607,4832408,9100,616070,208539677
2025-12-31,199247904,3141026,9500,646095,199893999
2026-01-05,195493470,4365486,11800,819510,196312980
2026-01-06,195368610,4971591,10800,765720,196134330
2026-01-07,198139865,7820625,17600,1237984,199377849
2026-01-08,194365307,4220967,15200,1071600,195436907
2026-01-09,195004915,4576488,22100,1542801,196547716
2026-01-12,194312935,6720594,20700,1448586,195761521
2026-01-13,192652288,2433024,21000,1469160,194121448
2026-01-14,194153362,6051223,20900,1445653,195599015
2026-01-15,191385397,2871210,21000,1477350,192862747
2026-01-16,189598254,3166808,23500,1668265,191266519
2026-01-19,193945266,11093442,26400,1874136,195819402
2026-01-20,188257846,24433255,28300,2224380,190482226
2026-01-21,193403304,21102973,29000,2293320,195696624
2026-01-22,191348256,19414468,29300,2409339,193757595
2026-01-23,189421347,18999287,30200,2412678,191834025
2026-01-26,195834118,22105243,25700,2025160,197859278
2026-01-27,190252488,12890417,19400,1547150,191799638
2026-01-28,193735997,18232854,19400,1579936,195315933
2026-01-29,193010124,16294077,16700,1371905,194382029
2026-01-30,194627768,12642015,16000,1328000,195955768
2026-02-02,201314247,20608884,13000,1010360,202324607
2026-02-03,194482802,7680696,5300,427233,194910035
2026-02-04,193213002,14717273,5900,480142,193693144
2026-02-05,194752106,8525559,5500,441155,195193261
2026-02-06,191092017,7702802,6900,563730,191655747
2026-02-09,187257638,5677181,7800,638586,187896224
2026-02-10,185588764,4266155,7900,643297,186232061
2026-02-11,183285177,5818269,7200,596232,183881409
2026-02-12,178897259,6531174,5900,493240,179390499
2026-02-13,180802378,15214492,4400,356312,181158690
2026-02-24,186069069,15760198,4600,387228,186456297
2026-02-25,194366867,19787852,4200,349986,194716853
2026-02-26,195805095,13798996,4600,381984,196187079
2026-02-27,198254203,17570581,3800,312018,198566221
2026-03-02,198455849,5656718,4400,356796,198812645
2026-03-03,204796511,16107173,4000,309120,205105631
2026-03-04,202192801,8082987,3300,253539,202446340
2026-03-05,207258202,11960571,4500,346500,207604702
2026-03-06,203715675,13966176,5600,454496,204170171
2026-03-09,202841024,12976390,4100,326893,203167917
2026-03-10,206538754,10669021,4500,364500,206903254
2026-03-11,207836038,13422538,4200,348600,208184638
2026-03-12,211581702,15118239,4400,366300,211948002
2026-03-13,214327322,19860536,4200,345492,214672814
2026-03-16,218459327,10455043,3900,310050,218769377
2026-03-17,215403648,3866672,3500,269850,215673498
2026-03-18,213788524,3051015,3000,230640,214019164
2026-03-19,210364128,3036365,2400,181176,210545304
2026-03-20,206485142,3608777,2500,184250,206669392
2026-03-23,219415859,19940369,9000,648900,220064759
2026-03-24,219607164,5027095,16800,1245048,220852212
2026-03-25,220562188,10206061,17200,1274864,221837052
2026-03-26,219755853,7738157,17200,1273316,221029169
2026-03-27,210963371,7220317,18100,1391528,212354899
2026-03-30,211488866,8143211,22000,1704120,213192986
2026-03-31,209921314,7924484,24200,1845008,211766322
2026-04-01,213008140,8871567,24000,1845600,214853740
2026-04-02,211820217,8147769,24500,1899730,213719947
2026-04-03,214377529,10500209,24000,1825200,216202729
2026-04-07,190919190,8852195,28000,2294880,193214070
2026-04-08,187632082,14599060,28500,2345550,189977632
2026-04-09,188115793,11631576,28500,2355810,190471603
2026-04-10,189001282,10115951,29200,2417760,191419042
2026-04-13,188536374,8185932,29400,2386398,190922772
2026-04-14,191698481,10472594,27000,2144340,193842821
2026-04-15,195549790,10938289,27600,2149488,197699278
2026-04-16,191619858,3571148,28100,2198544,193818402
2026-04-17,193611781,6998968,16400,1253616,194865397
2026-04-20,193232263,4237289,12900,982980,194215243
2026-04-21,192890174,3017398,13400,1028584,193918758
2026-04-22,190694957,2660204,13700,1081067,191776024
2026-04-23,191963506,5342294,21700,1701280,193664786
2026-04-24,191283623,5211801,22300,1761700,193045323
2026-04-27,196035286,23679406,36500,3036800,199072086
2026-04-28,199377204,27872005,33100,2869108,202246312
2026-04-29,193216976,7723109,14500,1269620,194486596
2026-04-30,191271954,6375506,14000,1186500,192458454
2026-05-06,196918165,11194239,11100,929070,197847235
2026-05-07,198640834,9037544,13600,1115200,199756034
2026-05-08,205086931,14293593,14000,1109220,206196151
2026-05-11,206381286,6356998,13300,1054690,207435976
2026-05-12,207345207,7076674,14500,1169570,208514777
2026-05-13,203843619,9130990,11700,925470,204769089
2026-05-14,199518488,6368268,9100,685321,200203809
2026-05-15,201698109,7848185,9000,668160,202366269
2026-05-18,204316154,7440265,6300,452718,204768872
2026-05-19,207619805,7272443,6600,481140,208100945
2026-05-20,209249156,5679661,7500,544500,209793656
2026-05-21,202935643,3430274,8700,619092,203554735
2026-05-22,203097737,6486497,9600,680448,203778185
2026-05-25,204069221,7949104,9100,629174,204698395
2026-05-26,200764224,3377423,7000,494270,201258494
2026-05-27,200453012,2546007,10100,704172,201157184
2026-05-28,192563057,1889363,18200,1265628,193828685
2026-05-29,192121627,7035340,33100,2281583,194403210
2026-06-01,188460595,5189664,51160,2792826,191253421
2026-06-02,190065826,5100775,53190,2810028,192875854
2026-06-03,190924724,4933591,38410,2034194,192958918
2026-06-04,192291469,3264633,35300,1804536,194096005
2026-06-05,192648868,5169977,34340,1745159,194394027
2026-06-08,192026420,6097826,29540,1475818,193502238
2026-06-09,190206167,3951966,41010,2041888,192248055
2026-06-10,188431927,1602106,40410,2061315,190493242
2026-06-11,185906763,2602975,54710,2795681,188702444
2026-06-12,186881649,7298136,55330,2883799,189765448
2026-06-15,182454708,12407241,55370,2950114,185404822
2026-06-16,188582180,13479513,48570,2429958,191012138
2026-06-17,185736725,2962755,44770,2238500,187975225
2026-06-18,186969158,6546982,47000,2341070,189310228
2026-06-22,192027314,14827844,50280,2475786,194503100
2026-06-23,190917967,8924883,51220,2468804,193386771
2026-06-24,191584964,6264992,53420,2580186,194165150
2026-06-25,196001906,10002092,45920,2149974,198151880
2026-06-26,192053328,4727716,33640,1534657,193587985
2026-06-29,192928571,7105325,33540,1556927,194485498
2026-06-30,192065372,4376313,35740,1658336,193723708
2026-07-01,189448245,5692588,51610,2415865,191864110
2026-07-02,182489829,2555461,46910,2211808,184701637
2026-07-03,185847116,7335616,62010,2948577,188795693
2026-07-06,187150947,6280888,58010,2765337,189916284
2026-07-07,188986547,4393711,65910,3076020,192062567
2026-07-08,188692591,3056326,64480,2972528,191665119
2026-07-09,186080505,3365601,55080,2533129,188613634
2026-07-10,185365800,3085958,57680,2664816,188030616
2026-07-13,180917423,2692456,54380,2513988,183431411
2026-07-14,194680249,21141857,63960,3098863,197779112
2026-07-15,196108675,5544813,59560,2951794,199060469
2026-07-16,197977804,5026285,57060,2823900,200801704
2026-07-17,187848321,5319233,47560,2329965,190178286
2026-07-20,184006861,8042559,45560,2291668,186298529
2026-07-21,184402972,10206516,47870,2440891,186843863
2026-07-22,183126219,3911486,39380,2008380,185134599
2026-07-23,182780925,7296798,57693,3004652,185785577
2026-07-24,184530624,5668443,55193,2859551,187390175
2026-07-27,183512472,4474085,52515,2815330,186327802
2026-07-28,179888830,6077086,54915,2995615,182884445
2026-07-29,179621284,6371930,64115,3564794,183186078
2026-07-30,176970648,8002519,62315,3539492,180510140
2026-07-31,175700755,6013230,59715,3378675,179079430
